datetime,count
2011-01-20 00:00:00,9.754822514459443
2011-01-20 01:00:00,4.3793762206342155
2011-01-20 02:00:00,2.6075499375218207
2011-01-20 03:00:00,1.385073802772561
2011-01-20 04:00:00,1.2967915726441892
2011-01-20 05:00:00,7.913592526835842
2011-01-20 06:00:00,34.40749313343418
2011-01-20 07:00:00,92.87849154175663
2011-01-20 08:00:00,171.8664774386369
2011-01-20 09:00:00,84.38050846412263
2011-01-20 10:00:00,39.64723362865857
2011-01-20 11:00:00,48.091017689632736
2011-01-20 12:00:00,64.86759150957118
2011-01-20 13:00:00,58.783893999974815
2011-01-20 14:00:00,55.3449112867939
2011-01-20 15:00:00,58.85523365191332
2011-01-20 16:00:00,90.73131947894454
2011-01-20 17:00:00,166.5902471908217
2011-01-20 18:00:00,142.00641534452657
2011-01-20 19:00:00,96.31993476102117
2011-01-20 20:00:00,69.89508811627871
2011-01-20 21:00:00,55.87796034055247
2011-01-20 22:00:00,37.56686369897681
2011-01-20 23:00:00,24.65487265501404
2011-01-21 00:00:00,13.077090814365961
2011-01-21 01:00:00,6.179440355434168
2011-01-21 02:00:00,3.767771208795466
2011-01-21 03:00:00,0.4854190132735587
2011-01-21 04:00:00,0.9250892107480502
2011-01-21 05:00:00,6.799860000419008
2011-01-21 06:00:00,26.93813641856846
2011-01-21 07:00:00,78.40496982185398
2011-01-21 08:00:00,176.22700173480015
2011-01-21 09:00:00,98.01448777976263
2011-01-21 10:00:00,42.65398614165251
2011-01-21 11:00:00,55.97434240631908
2011-01-21 12:00:00,61.55289039427292
2011-01-21 13:00:00,54.38336620119071
2011-01-21 14:00:00,51.81361856770305
2011-01-21 15:00:00,53.23113631329322
2011-01-21 16:00:00,81.50656697830314
2011-01-21 17:00:00,134.62635104697262
2011-01-21 18:00:00,115.54069238382662
2011-01-21 19:00:00,74.9624426474206
2011-01-21 20:00:00,42.012538097585185
2011-01-21 21:00:00,31.735266836186625
2011-01-21 22:00:00,27.746879816757072
2011-01-21 23:00:00,21.79382030779772
2011-01-22 00:00:00,17.563548447537745
2011-01-22 01:00:00,12.002179967317419
2011-01-22 02:00:00,12.433810372045917
2011-01-22 03:00:00,2.3034071533479152
2011-01-22 04:00:00,1.032162092668862
2011-01-22 06:00:00,2.7037628233440394
2011-01-22 07:00:00,7.266803306334063
2011-01-22 08:00:00,20.903979801531648
2011-01-22 09:00:00,44.84105246624191
2011-01-22 10:00:00,47.82113553683
2011-01-22 11:00:00,61.57244064389286
2011-01-22 12:00:00,82.61654744632196
2011-01-22 13:00:00,86.48696589163299
2011-01-22 14:00:00,81.41254355067326
2011-01-22 15:00:00,85.6160868940962
2011-01-22 16:00:00,85.1822513520369
2011-01-22 17:00:00,86.34461498488221
2011-01-22 18:00:00,58.632460991199295
2011-01-22 19:00:00,53.365074667187024
2011-01-22 20:00:00,34.08764765558175
2011-01-22 21:00:00,36.43882844850354
2011-01-22 22:00:00,29.154236240265035
2011-01-22 23:00:00,21.395719968153156
2011-01-23 00:00:00,19.16424758651203
2011-01-23 01:00:00,16.203190349419742
2011-01-23 02:00:00,15.731667834308023
2011-01-23 03:00:00,6.7535802656816815
2011-01-23 05:00:00,0.764737543018236
2011-01-23 06:00:00,1.3158084929723377
2011-01-23 07:00:00,6.128104282521897
2011-01-23 08:00:00,13.479117213203782
2011-01-23 09:00:00,35.29663825882535
2011-01-23 10:00:00,47.67591972160835
2011-01-23 11:00:00,66.30703941159472
2011-01-23 12:00:00,71.12586067509697
2011-01-23 13:00:00,67.0686735753007
2011-01-23 14:00:00,62.89036280780219
2011-01-23 15:00:00,66.41593556079079
2011-01-23 16:00:00,65.98261748795657
2011-01-23 17:00:00,59.06070316740884
2011-01-23 18:00:00,54.291349644229726
2011-01-23 19:00:00,41.90659957306486
2011-01-23 20:00:00,30.081786087558232
2011-01-23 21:00:00,25.642124312498193
2011-01-23 22:00:00,17.518876709573707
2011-01-23 23:00:00,9.051584894866444
2011-01-24 00:00:00,4.984961335092149
2011-01-24 01:00:00,1.7637341680250067
2011-01-24 03:00:00,0.0926331994314512
2011-01-24 04:00:00,0.4273446781264989
2011-01-24 05:00:00,4.08006679518696
2011-01-24 06:00:00,19.780609949467046
2011-01-24 07:00:00,69.26579338090644
2011-01-24 08:00:00,137.04975697612045
2011-01-24 09:00:00,82.58356584645772
2011-01-24 10:00:00,35.89632455915393
2011-01-24 11:00:00,41.521924407391566
2011-01-24 12:00:00,44.74255140849682
2011-01-24 13:00:00,49.24471722934301
2011-01-24 14:00:00,43.89003212141971
2011-01-24 15:00:00,47.48314811083324
2011-01-24 16:00:00,70.12630129281658
2011-01-24 17:00:00,130.159968372426
2011-01-24 18:00:00,131.05400063000383
2011-01-24 19:00:00,82.42094858500681
2011-01-24 20:00:00,59.31288193862864
2011-01-24 21:00:00,41.60935577463058
2011-01-24 22:00:00,29.609808323885634
2011-01-24 23:00:00,15.413352153491271
2011-01-25 00:00:00,5.26917125628094
2011-01-25 01:00:00,2.0966248984424682
2011-01-25 02:00:00,1.1650521861764562
2011-01-25 04:00:00,0.8829860813950883
2011-01-25 05:00:00,5.572701328371055
2011-01-25 06:00:00,32.8609712963517
2011-01-25 07:00:00,82.16539296434905
2011-01-25 08:00:00,171.75648700435238
2011-01-25 09:00:00,82.2148813930039
2011-01-25 10:00:00,41.08407522223762
2011-01-25 11:00:00,46.2018184035912
2011-01-25 12:00:00,51.59916336349875
2011-01-25 13:00:00,51.34634027552799
2011-01-25 14:00:00,53.78669506317172
2011-01-25 15:00:00,56.743820900822236
2011-01-25 16:00:00,88.5075574112864
2011-01-25 17:00:00,192.41636798116687
2011-01-25 18:00:00,158.15324525469413
2011-01-25 19:00:00,101.18652868058395
2011-01-25 20:00:00,71.34936000559642
2011-01-25 21:00:00,53.20877004781921
2011-01-25 22:00:00,39.102960524641034
2011-01-25 23:00:00,20.28579599030841
2011-01-26 00:00:00,8.903876417081648
2011-01-26 01:00:00,3.709771060901521
2011-01-26 02:00:00,1.694734760896698
2011-01-26 05:00:00,2.920396414539509
2011-01-26 06:00:00,12.726950918553666
2011-01-26 07:00:00,36.60540600875221
2011-01-26 08:00:00,71.00114559137643
2011-01-26 09:00:00,36.386748814394686
2011-01-26 10:00:00,13.644527517424578
2011-01-26 11:00:00,15.158843846735685
2011-01-26 12:00:00,13.586533584682163
2011-01-26 13:00:00,13.655685011804863
2011-01-26 14:00:00,13.02308216788074
2011-01-26 15:00:00,13.344695157204026
2011-01-26 16:00:00,20.839210409624265
2011-01-26 17:00:00,39.6475363240161
2011-01-27 16:00:00,85.00888958253951
2011-01-27 17:00:00,159.63725651689145
2011-01-27 18:00:00,140.3594889148412
2011-01-27 19:00:00,98.47811241586176
2011-01-27 20:00:00,71.36657283081851
2011-01-27 21:00:00,53.94358537132499
2011-01-27 22:00:00,39.259245022811164
2011-01-27 23:00:00,23.79191468443165
2011-01-28 00:00:00,13.18829970836932
2011-01-28 01:00:00,6.177068119134215
2011-01-28 02:00:00,3.4118034096980434
2011-01-28 03:00:00,1.1838600924168015
2011-01-28 05:00:00,6.465976214634925
2011-01-28 06:00:00,25.818246122767764
2011-01-28 07:00:00,74.27555289265393
2011-01-28 08:00:00,167.18726220264855
2011-01-28 09:00:00,57.18308199710863
2011-01-28 10:00:00,24.140636778030387
2011-01-28 11:00:00,24.888797644297117
2011-01-28 12:00:00,28.74940631592835
2011-01-28 13:00:00,29.610745997859038
2011-01-28 14:00:00,30.82186049740767
2011-01-28 15:00:00,50.2075502539083
2011-01-28 16:00:00,84.39320591936169
2011-01-28 17:00:00,150.3312995464883
2011-01-28 18:00:00,126.43186775673325
2011-01-28 19:00:00,84.88380370624293
2011-01-28 20:00:00,61.78291933357283
2011-01-28 21:00:00,46.42260484612894
2011-01-28 22:00:00,40.61164826847847
2011-01-28 23:00:00,34.272719860665184
2011-01-29 00:00:00,23.353385747207213
2011-01-29 01:00:00,18.879355595012097
2011-01-29 02:00:00,18.633607348585723
2011-01-29 03:00:00,6.700847400438683
2011-01-29 04:00:00,1.9121137387188787
2011-01-29 06:00:00,4.482170673783679
2011-01-29 07:00:00,10.835517532244541
2011-01-29 08:00:00,31.208772978699884
2011-01-29 09:00:00,54.183593520017354
2011-01-29 10:00:00,63.0973083982086
2011-01-29 11:00:00,82.47611556184266
2011-01-29 12:00:00,94.36454380803163
2011-01-29 13:00:00,94.28794105863702
2011-01-29 14:00:00,89.3486698133832
2011-01-29 15:00:00,92.43596405495013
2011-01-29 16:00:00,96.64976604515502
2011-01-29 17:00:00,102.60358077674195
2011-01-29 18:00:00,72.07363275655649
2011-01-29 19:00:00,56.43890499308214
2011-01-29 20:00:00,49.65069492918915
2011-01-29 21:00:00,40.89500654973074
2011-01-29 22:00:00,29.278170248727935
2011-01-29 23:00:00,27.361883455460386
2011-01-30 00:00:00,26.348114837978617
2011-01-30 01:00:00,22.83103102253213
2011-01-30 02:00:00,22.49900014548842
2011-01-30 03:00:00,5.521520188991169
2011-01-30 04:00:00,1.0315856025965142
2011-01-30 05:00:00,1.3934167120959056
2011-01-30 07:00:00,7.124345061892324
2011-01-30 08:00:00,17.957916794905113
2011-01-30 09:00:00,41.9313952214851
2011-01-30 10:00:00,52.46574301665463
2011-01-30 11:00:00,72.79527255735876
2011-01-30 12:00:00,110.74899995358085
2011-01-30 13:00:00,92.01449793046984
2011-01-30 14:00:00,96.31645950702901
2011-01-30 15:00:00,103.29379046100485
2011-01-30 16:00:00,102.24679185147005
2011-01-30 17:00:00,84.03040500912898
2011-01-30 18:00:00,60.45377806263409
2011-01-30 19:00:00,51.22866040915167
2011-01-30 20:00:00,35.69249550378473
2011-01-30 21:00:00,28.62908002374719
2011-01-30 22:00:00,22.13051458874908
2011-01-30 23:00:00,12.58735026633056
2011-01-31 00:00:00,7.067154956838952
2011-01-31 01:00:00,2.864709363870029
2011-01-31 02:00:00,1.7703774539546329
2011-01-31 03:00:00,0.7014158940224621
2011-01-31 04:00:00,0.9363381021910653
2011-01-31 05:00:00,4.811267162162093
2011-01-31 06:00:00,24.47209342033592
2011-01-31 07:00:00,64.72091691844734
2011-01-31 08:00:00,123.62251961237428
2011-01-31 09:00:00,72.88676619714828
2011-01-31 10:00:00,33.78543148414843
2011-01-31 11:00:00,39.56372629245698
2011-01-31 12:00:00,51.604671219513406
2011-01-31 13:00:00,54.26507394415724
2011-01-31 14:00:00,48.690441653279656
2011-01-31 15:00:00,49.4525667547434
2011-01-31 16:00:00,77.547095088136615
2011-01-31 17:00:00,127.0522609217156
2011-01-31 18:00:00,123.95695140705051
2011-01-31 19:00:00,104.14084178385566
2011-01-31 20:00:00,47.043126472108504
2011-01-31 21:00:00,39.420377144938115
2011-01-31 22:00:00,34.455455128289124
2011-01-31 23:00:00,17.695169040436546
2011-02-20 00:00:00,31.159853560199913
2011-02-20 01:00:00,25.77816379518107
2011-02-20 02:00:00,25.259429259443806
2011-02-20 03:00:00,9.90829467100194
2011-02-20 04:00:00,2.738615470190214
2011-02-20 06:00:00,2.905018246575801
2011-02-20 07:00:00,7.490942082505491
2011-02-20 08:00:00,22.70983232553493
2011-02-20 09:00:00,53.92819117691964
2011-02-20 10:00:00,67.8371556089163
2011-02-20 11:00:00,114.9820637834392
2011-02-20 12:00:00,134.96725989816005
2011-02-20 13:00:00,126.67510012347088
2011-02-20 14:00:00,120.88928143494562
2011-02-20 15:00:00,128.93295722161457
2011-02-20 16:00:00,129.27374919142156
2011-02-20 17:00:00,113.89448549622914
2011-02-20 18:00:00,86.82502230382379
2011-02-20 19:00:00,71.91210953797956
2011-02-20 20:00:00,51.49323735942301
2011-02-20 21:00:00,43.06852753208891
2011-02-20 22:00:00,34.287995504476264
2011-02-20 23:00:00,19.389939877985555
2011-02-21 00:00:00,19.784655367049695
2011-02-21 01:00:00,9.628141408342056
2011-02-21 02:00:00,8.507058590474935
2011-02-21 03:00:00,3.2839939804642624
2011-02-21 04:00:00,3.308063152319625
2011-02-21 05:00:00,3.3626150792254172
2011-02-21 06:00:00,13.839684446758742
2011-02-21 07:00:00,31.689381870919448
2011-02-21 08:00:00,68.68649958469614
2011-02-21 09:00:00,74.10911907180689
2011-02-21 10:00:00,86.70779585355537
2011-02-21 11:00:00,117.39168248968248
2011-02-21 12:00:00,128.5331083141692
2011-02-21 13:00:00,70.237430760263
2011-02-21 14:00:00,131.83289781548686
2011-02-21 15:00:00,90.19864074087955
2011-02-21 16:00:00,73.15007552364375
2011-02-21 17:00:00,91.0178964285413
2011-02-21 18:00:00,70.96848339515843
2011-02-21 19:00:00,58.32374999839603
2011-02-21 20:00:00,48.020521122407445
2011-02-21 21:00:00,27.725548272149727
2011-02-21 22:00:00,20.344679293427777
2011-02-21 23:00:00,13.78768013522686
2011-02-22 06:00:00,39.72863126880618
2011-02-22 07:00:00,112.3154334150338
2011-02-22 08:00:00,232.00068997268164
2011-02-22 09:00:00,98.69344670091036
2011-02-22 10:00:00,44.59313388966046
2011-02-22 11:00:00,54.854242457145695
2011-02-22 12:00:00,64.25791039096526
2011-02-22 13:00:00,63.99198979725996
2011-02-22 14:00:00,59.97474749044102
2011-02-22 15:00:00,64.85179616702538
2011-02-22 16:00:00,95.89425337902885
2011-02-22 17:00:00,205.71060434618335
2011-02-22 18:00:00,172.2617102014182
2011-02-22 19:00:00,113.87521690675436
2011-02-22 20:00:00,80.09445729844606
2011-02-22 21:00:00,61.12312232817486
2011-02-22 22:00:00,39.293691719314346
2011-02-22 23:00:00,20.809502546497864
2011-02-23 00:00:00,10.024276150908165
2011-02-23 01:00:00,4.129411252605945
2011-02-23 02:00:00,1.8231480887610223
2011-02-23 03:00:00,1.4100987437175805
2011-02-23 05:00:00,5.749428633377998
2011-02-23 06:00:00,35.70220108533976
2011-02-23 07:00:00,99.43864538692173
2011-02-23 08:00:00,192.5982952614565
2011-02-23 09:00:00,113.22593693201155
2011-02-23 10:00:00,53.106255460405755
2011-02-23 11:00:00,61.906830100514604
2011-02-23 12:00:00,67.20426642277874
2011-02-23 13:00:00,74.81961100017197
2011-02-23 14:00:00,70.19955525322678
2011-02-23 15:00:00,73.19790056535538
2011-02-23 16:00:00,118.43815101794262
2011-02-23 17:00:00,209.09876686842807
2011-02-23 18:00:00,205.28815335294325
2011-02-23 19:00:00,142.77462667393175
2011-02-23 20:00:00,94.99700526761286
2011-02-23 21:00:00,68.41109236857996
2011-02-23 22:00:00,51.952819232725886
2011-02-23 23:00:00,30.797121091459445
2011-02-24 00:00:00,12.978143682796553
2011-02-24 01:00:00,5.394011189210569
2011-02-24 02:00:00,3.0779220812105645
2011-02-24 03:00:00,1.711728988638383
2011-02-24 05:00:00,7.026015905664561
2011-02-24 06:00:00,41.31584827713719
2011-02-24 07:00:00,110.23659592105444
2011-02-24 08:00:00,220.35224193347457
2011-02-24 09:00:00,105.94727993539915
2011-02-24 10:00:00,43.488865100212614
2011-02-24 11:00:00,51.91987728559474
2011-02-24 12:00:00,72.91401627776494
2011-02-24 13:00:00,75.3839368414381
2011-02-24 14:00:00,66.9129155828043
2011-02-24 15:00:00,48.77875060087396
2011-02-24 16:00:00,66.32491263991591
2011-02-24 17:00:00,124.9492508863237
2011-02-24 18:00:00,147.49072053153964
2011-02-24 19:00:00,72.1362516131902
2011-02-24 20:00:00,79.8777638062431
2011-02-24 21:00:00,62.40995630928709
2011-02-24 22:00:00,31.71309546675296
2011-02-24 23:00:00,32.975394091376415
2011-02-25 00:00:00,14.227833376619214
2011-02-25 01:00:00,9.616925255523196
2011-02-25 02:00:00,5.354269495083066
2011-02-25 03:00:00,2.3027419453623077
2011-02-25 05:00:00,7.708669791739794
2011-02-25 06:00:00,21.276942996731243
2011-02-25 07:00:00,64.28536991102601
2011-02-25 08:00:00,143.77841286859433
2011-02-25 09:00:00,64.95999044331221
2011-02-25 10:00:00,31.929038879975522
2011-02-25 11:00:00,83.1578215059648
2011-02-25 12:00:00,77.51146957946571
2011-02-25 13:00:00,74.946685992119
2011-02-25 14:00:00,70.04521527106135
2011-02-25 15:00:00,96.66135057709312
2011-02-25 16:00:00,112.09725580257744
2011-02-25 17:00:00,184.3260559618437
2011-02-25 18:00:00,154.69659632847464
2011-02-25 19:00:00,103.40948089431502
2011-02-25 20:00:00,72.2833222240795
2011-02-25 21:00:00,55.265246065101834
2011-02-25 22:00:00,47.81085039365257
2011-02-25 23:00:00,37.15384824893633
2011-02-26 00:00:00,30.238031393270813
2011-02-26 01:00:00,21.013627187045323
2011-02-26 02:00:00,20.662163076328934
2011-02-26 03:00:00,8.037182392844013
2011-02-26 04:00:00,2.834216852406631
2011-02-26 05:00:00,2.0882909908477716
2011-02-26 06:00:00,5.307253272799144
2011-02-26 07:00:00,13.480057788121309
2011-02-26 08:00:00,42.07063846165731
2011-02-26 09:00:00,61.73671123681292
2011-02-26 10:00:00,99.63035664217465
2011-02-26 11:00:00,138.5558751953608
2011-02-26 12:00:00,143.0590563153545
2011-02-26 13:00:00,144.52178383591593
2011-02-26 14:00:00,133.6841203868771
2011-02-26 15:00:00,135.67379829289047
2011-02-26 16:00:00,136.27126782194708
2011-02-26 17:00:00,130.66848763939097
2011-02-26 18:00:00,104.1192260081057
2011-02-26 19:00:00,88.62133178675019
2011-02-26 20:00:00,74.0183921531813
2011-02-26 21:00:00,49.51690120977786
2011-02-26 22:00:00,45.12941500142695
2011-02-26 23:00:00,40.26374048016183
2011-02-27 00:00:00,31.310154910934536
2011-02-27 01:00:00,28.529740966627028
2011-02-27 02:00:00,30.455553994563807
2011-02-27 03:00:00,15.367547546346795
2011-02-27 04:00:00,3.4747599371501616
2011-02-27 06:00:00,4.390350740361486
2011-02-27 07:00:00,10.0812776434132
2011-02-27 08:00:00,34.147028042609506
2011-02-27 09:00:00,75.05767371434153
2011-02-27 10:00:00,95.88171837712285
2011-02-27 11:00:00,111.83650605447524
2011-02-27 12:00:00,145.70861818298332
2011-02-27 13:00:00,178.188985163555
2011-02-27 14:00:00,171.0527284876353
2011-02-27 15:00:00,181.47766372858513
2011-02-27 16:00:00,182.0111156344536
2011-02-27 17:00:00,155.6102242439082
2011-02-27 18:00:00,97.5026150569664
2011-02-27 19:00:00,82.74932597545998
2011-02-27 20:00:00,61.09113627113443
2011-02-27 21:00:00,47.45715599771262
2011-02-27 22:00:00,36.54094588581122
2011-02-27 23:00:00,19.31075900747996
2011-02-28 00:00:00,10.816603449841889
2011-02-28 01:00:00,2.4050998767008314
2011-02-28 03:00:00,0.5813167438824031
2011-02-28 05:00:00,7.483994621080214
2011-02-28 06:00:00,41.12294431914238
2011-02-28 07:00:00,119.86530447208241
2011-02-28 08:00:00,190.97720950554057
2011-02-28 09:00:00,135.12836907922102
2011-02-28 10:00:00,55.01797322244354
2011-02-28 11:00:00,71.39691090693582
2011-02-28 12:00:00,85.80227912833895
2011-02-28 13:00:00,49.61649513223236
2011-02-28 14:00:00,40.64128570993839
2011-02-28 15:00:00,40.87295034281854
2011-02-28 16:00:00,80.69010775718787
2011-02-28 17:00:00,107.42359269678232
2011-02-28 18:00:00,132.02718510470774
2011-02-28 19:00:00,80.22314822656924
2011-02-28 20:00:00,59.12412484197845
2011-02-28 21:00:00,55.726226088981804
2011-02-28 22:00:00,26.12705457213039
2011-02-28 23:00:00,23.11718516854381
2011-03-20 00:00:00,40.187034262734805
2011-03-20 01:00:00,29.173690770325084
2011-03-20 02:00:00,25.92995972097511
2011-03-20 03:00:00,12.02968979150682
2011-03-20 04:00:00,3.1388904011004435
2011-03-20 05:00:00,2.076435773498536
2011-03-20 06:00:00,3.8546293022277114
2011-03-20 07:00:00,9.093322853891717
2011-03-20 08:00:00,26.89242608056295
2011-03-20 09:00:00,87.04486184240574
2011-03-20 10:00:00,106.88930171752448
2011-03-20 11:00:00,148.53686322749098
2011-03-20 12:00:00,174.54136691894047
2011-03-20 13:00:00,171.5501320599745
2011-03-20 14:00:00,163.75426722178332
2011-03-20 15:00:00,170.9507121734147
2011-03-20 16:00:00,215.150529863149
2011-03-20 17:00:00,147.53097662591827
2011-03-20 18:00:00,95.97707395086805
2011-03-20 19:00:00,76.18006995353137
2011-03-20 20:00:00,50.72394281169503
2011-03-20 21:00:00,42.324915411482536
2011-03-20 22:00:00,33.45402654569027
2011-03-20 23:00:00,13.451111296687841
2011-03-21 00:00:00,12.089710944489983
2011-03-21 01:00:00,9.30763427658261
2011-03-21 02:00:00,5.592405004554766
2011-03-21 03:00:00,2.8209670600943277
2011-03-21 05:00:00,14.733172097691103
2011-03-21 06:00:00,58.158923430467674
2011-03-21 07:00:00,83.25727579949628
2011-03-21 08:00:00,319.3760278170225
2011-03-21 09:00:00,209.70071881828358
2011-03-21 10:00:00,106.46329672382214
2011-03-21 11:00:00,126.42609519846017
2011-03-21 12:00:00,157.55392499294626
2011-03-21 13:00:00,183.87596122946547
2011-03-21 14:00:00,197.18803947050225
2011-03-21 15:00:00,212.4870917300546
2011-03-21 16:00:00,300.5109584256977
2011-03-21 17:00:00,588.1294930126462
2011-03-21 18:00:00,385.5519131324922
2011-03-21 19:00:00,378.49227315354034
2011-03-21 20:00:00,269.93759166831643
2011-03-21 21:00:00,104.34904738761227
2011-03-21 22:00:00,83.9194969338013
2011-03-21 23:00:00,51.895163453759274
2011-03-22 00:00:00,21.77880660990706
2011-03-22 01:00:00,9.783841411176898
2011-03-22 02:00:00,5.031605366679035
2011-03-22 03:00:00,3.99245018136601
2011-03-22 04:00:00,4.220316711487224
2011-03-22 05:00:00,16.83870518510626
2011-03-22 06:00:00,97.17589112889559
2011-03-22 07:00:00,249.364625924174
2011-03-22 08:00:00,497.788246221883
2011-03-22 09:00:00,238.36798072042427
2011-03-22 10:00:00,125.86231952374389
2011-03-22 11:00:00,141.46451604819183
2011-03-22 12:00:00,190.68597795403642
2011-03-22 13:00:00,186.33610522760515
2011-03-22 14:00:00,168.42778801671255
2011-03-22 15:00:00,187.45704261823002
2011-03-22 16:00:00,288.7332250519278
2011-03-22 17:00:00,606.5809419915662
2011-03-22 18:00:00,421.7121614275432
2011-03-22 19:00:00,286.78694279510705
2011-03-22 20:00:00,193.68240137463775
2011-03-22 21:00:00,143.55660661181938
2011-03-22 22:00:00,103.05057025753104
2011-03-22 23:00:00,56.807798059840096
2011-03-23 00:00:00,16.5456885337409
2011-03-23 01:00:00,8.183710618691935
2011-03-23 02:00:00,5.406697779466518
2011-03-23 03:00:00,4.3220136980241675
2011-03-23 05:00:00,9.0485494982815
2011-03-23 06:00:00,89.25239689366593
2011-03-23 07:00:00,198.57379479901553
2011-03-23 08:00:00,469.86502676434543
2011-03-23 09:00:00,237.65816377568157
2011-03-23 10:00:00,103.75545831961952
2011-03-23 11:00:00,97.5105932973731
2011-03-23 12:00:00,114.95312559249085
2011-03-23 13:00:00,38.599655439690764
2011-03-23 14:00:00,122.07906522626853
2011-03-23 15:00:00,133.72802906188195
2011-03-23 16:00:00,231.35111354276725
2011-03-23 17:00:00,423.96518585650523
2011-03-23 18:00:00,173.35912938367352
2011-03-23 19:00:00,119.56486200868787
2011-03-23 20:00:00,25.9426795334217
2011-03-23 21:00:00,36.87304505121082
2011-03-23 22:00:00,70.77597678225041
2011-03-23 23:00:00,27.215341101559005
2011-03-24 00:00:00,19.818866402564847
2011-03-24 01:00:00,7.5303597641995665
2011-03-24 02:00:00,4.621672273292236
2011-03-24 03:00:00,2.6372627503925203
2011-03-24 04:00:00,2.547716199380616
2011-03-24 05:00:00,12.871915002223512
2011-03-24 06:00:00,73.82541635499169
2011-03-24 07:00:00,92.92302314281415
2011-03-24 08:00:00,187.2254201008094
2011-03-24 09:00:00,161.66912257279222
2011-03-24 10:00:00,69.49697383546221
2011-03-24 11:00:00,83.2144160538504
2011-03-24 12:00:00,127.04480152868655
2011-03-24 13:00:00,154.25779033123877
2011-03-24 14:00:00,135.04335257830334
2011-03-24 15:00:00,121.92306252339793
2011-03-24 16:00:00,191.84719127141335
2011-03-24 17:00:00,340.143367182778
2011-03-24 18:00:00,265.7091865877334
2011-03-24 19:00:00,195.9370351569662
2011-03-24 20:00:00,141.31801737094224
2011-03-24 21:00:00,113.2694280278956
2011-03-24 22:00:00,85.04172591994775
2011-03-24 23:00:00,54.39880069959527
2011-03-25 00:00:00,29.58908649586166
2011-03-25 01:00:00,13.836966586009977
2011-03-25 02:00:00,7.7491283088933685
2011-03-25 03:00:00,3.533029582459978
2011-03-25 04:00:00,3.0515706090070873
2011-03-25 05:00:00,14.21918203382884
2011-03-25 06:00:00,66.93521518922284
2011-03-25 07:00:00,168.48887853938
2011-03-25 08:00:00,426.00749478248076
2011-03-25 09:00:00,250.47122219601707
2011-03-25 10:00:00,126.38393856224812
2011-03-25 11:00:00,137.71758138308806
2011-03-25 12:00:00,191.4978013150066
2011-03-25 13:00:00,191.0192564277656
2011-03-25 14:00:00,168.23059952734064
2011-03-25 15:00:00,177.2520396187778
2011-03-25 16:00:00,260.9710687802789
2011-03-25 17:00:00,374.74058868947805
2011-03-25 18:00:00,277.9882739727495
2011-03-25 19:00:00,178.9293270740606
2011-03-25 20:00:00,152.36888524514424
2011-03-25 21:00:00,118.37086523473647
2011-03-25 22:00:00,80.00181248758658
2011-03-25 23:00:00,61.665557723593494
2011-03-26 00:00:00,49.57319571402748
2011-03-26 01:00:00,38.130430899376705
2011-03-26 02:00:00,38.90626205783138
2011-03-26 03:00:00,9.217448824070079
2011-03-26 04:00:00,5.422566881575087
2011-03-26 05:00:00,4.39752169338756
2011-03-26 06:00:00,12.227847742231802
2011-03-26 07:00:00,25.522210958754734
2011-03-26 08:00:00,83.76009107309555
2011-03-26 09:00:00,142.51304560977695
2011-03-26 10:00:00,177.80262365755365
2011-03-26 11:00:00,230.4378944117167
2011-03-26 12:00:00,294.9745003095005
2011-03-26 13:00:00,341.2943007001002
2011-03-26 14:00:00,331.6475951393098
2011-03-26 15:00:00,342.93043302841977
2011-03-26 16:00:00,337.2261192864344
2011-03-26 17:00:00,308.62255011417767
2011-03-26 18:00:00,194.26702307819994
2011-03-26 19:00:00,127.02995038807802
2011-03-26 20:00:00,102.20180833699906
2011-03-26 21:00:00,83.95527344554439
2011-03-26 22:00:00,69.39226984985207
2011-03-26 23:00:00,58.66646206458621
2011-03-27 00:00:00,46.54430873425675
2011-03-27 01:00:00,37.92443513840891
2011-03-27 02:00:00,36.84351750733254
2011-03-27 03:00:00,10.522298358264953
2011-03-27 04:00:00,5.0678441711173186
2011-03-27 06:00:00,5.270457808617682
2011-03-27 07:00:00,9.080913352698895
2011-03-27 08:00:00,54.13748292409837
2011-03-27 09:00:00,129.00828310385648
2011-03-27 10:00:00,163.96201741193335
2011-03-27 11:00:00,230.91276220884197
2011-03-27 12:00:00,258.9990194249679
2011-03-27 13:00:00,269.41480892789434
2011-03-27 14:00:00,302.9498962870739
2011-03-27 15:00:00,293.2000409368838
2011-03-27 16:00:00,305.7872535929048
2011-03-27 17:00:00,284.8151401955302
2011-03-27 18:00:00,160.78231157501017
2011-03-27 19:00:00,134.47729927822743
2011-03-27 20:00:00,81.07117956033491
2011-03-27 21:00:00,69.61397250671395
2011-03-27 22:00:00,54.244335805043114
2011-03-27 23:00:00,31.73048746390917
2011-03-28 00:00:00,16.486621688719072
2011-03-28 01:00:00,6.940904691875491
2011-03-28 02:00:00,4.91564319629659
2011-03-28 03:00:00,2.076494018047281
2011-03-28 05:00:00,12.983186791699374
2011-03-28 06:00:00,57.54641642709044
2011-03-28 07:00:00,162.14467864697644
2011-03-28 08:00:00,366.43096875131505
2011-03-28 09:00:00,199.83287877568438
2011-03-28 10:00:00,99.89550559103361
2011-03-28 11:00:00,108.03449392775183
2011-03-28 12:00:00,126.19948224456313
2011-03-28 13:00:00,135.02880730201468
2011-03-28 14:00:00,147.3116154086782
2011-03-28 15:00:00,145.95616727209926
2011-03-28 16:00:00,229.32208060914826
2011-03-28 17:00:00,421.17862008353643
2011-03-28 18:00:00,339.58218781459595
2011-03-28 19:00:00,227.97333006911938
2011-03-28 20:00:00,154.1078208308262
2011-03-28 21:00:00,114.5055997978531
2011-03-28 22:00:00,72.90829357673469
2011-03-28 23:00:00,36.02746222329338
2011-03-29 00:00:00,14.429767749750583
2011-03-29 01:00:00,6.057618906674716
2011-03-29 02:00:00,3.9745642429043464
2011-03-29 03:00:00,2.1635107079654627
2011-03-29 04:00:00,3.3617646454014816
2011-03-29 05:00:00,14.971590316035437
2011-03-29 06:00:00,79.21581437392979
2011-03-29 07:00:00,188.76014055678363
2011-03-29 08:00:00,425.15733044272895
2011-03-29 09:00:00,211.98541377563825
2011-03-29 10:00:00,101.05998610473384
2011-03-29 11:00:00,129.2828993833944
2011-03-29 12:00:00,156.2668925336208
2011-03-29 13:00:00,148.7347120234283
2011-03-29 14:00:00,146.35243587476816
2011-03-29 15:00:00,159.5850661965739
2011-03-29 16:00:00,246.27239353006573
2011-03-29 17:00:00,552.2346365596178
2011-03-29 18:00:00,375.1589938008217
2011-03-29 19:00:00,262.00974944984785
2011-03-29 20:00:00,180.70458807237694
2011-03-29 21:00:00,135.59963283666315
2011-03-29 22:00:00,101.65294011335881
2011-03-29 23:00:00,51.91414930684862
2011-03-30 00:00:00,24.724719542302697
2011-03-30 01:00:00,12.446301912804902
2011-03-30 02:00:00,5.809282751056268
2011-03-30 03:00:00,3.9669575268831014
2011-03-30 04:00:00,3.873723081520497
2011-03-30 05:00:00,15.39255601820079
2011-03-30 06:00:00,100.50300978259318
2011-03-30 07:00:00,240.4401485963596
2011-03-30 08:00:00,531.4980400580503
2011-03-30 09:00:00,259.15288321914835
2011-03-30 10:00:00,122.69609479965034
2011-03-30 11:00:00,141.6435642183317
2011-03-30 12:00:00,156.7172780218468
2011-03-30 13:00:00,156.81339455184983
2011-03-30 14:00:00,140.7427608157226
2011-03-30 15:00:00,33.31576481173393
2011-03-30 16:00:00,41.074460863998524
2011-03-30 17:00:00,91.43968784985567
2011-03-30 18:00:00,201.83488945781625
2011-03-30 19:00:00,152.4337167766979
2011-03-30 20:00:00,48.64329477111593
2011-03-30 21:00:00,82.99306690040315
2011-03-30 22:00:00,29.73831613325807
2011-03-30 23:00:00,16.527848104367884
2011-03-31 00:00:00,10.079161172128712
2011-03-31 01:00:00,4.165874313857531
2011-03-31 02:00:00,4.064237688285782
2011-03-31 03:00:00,1.250339491078122
2011-03-31 04:00:00,1.553896942465065
2011-03-31 05:00:00,7.794151365387762
2011-03-31 06:00:00,36.46488142549579
2011-03-31 07:00:00,91.20515774674902
2011-03-31 08:00:00,361.08405001738976
2011-03-31 09:00:00,56.11611795488318
2011-03-31 10:00:00,23.960721056571554
2011-03-31 11:00:00,27.071109750959426
2011-03-31 12:00:00,35.059316931552125
2011-03-31 13:00:00,54.2220757042075
2011-03-31 14:00:00,48.30226166529979
2011-03-31 15:00:00,31.67977971601328
2011-03-31 16:00:00,150.86895304453122
2011-03-31 17:00:00,274.97749098945064
2011-03-31 18:00:00,263.1118053837601
2011-03-31 19:00:00,193.0947833834457
2011-03-31 20:00:00,62.83353166231245
2011-03-31 21:00:00,81.10382244543578
2011-03-31 22:00:00,37.31956004139587
2011-03-31 23:00:00,26.0902337986335
2011-04-20 00:00:00,20.94762904166611
2011-04-20 01:00:00,6.331776749132738
2011-04-20 02:00:00,3.3431610287397318
2011-04-20 03:00:00,2.9121690053654086
2011-04-20 04:00:00,1.9231776968191276
2011-04-20 05:00:00,10.13471827614724
2011-04-20 06:00:00,56.54050331759362
2011-04-20 07:00:00,185.10398263452697
2011-04-20 08:00:00,337.98666796242867
2011-04-20 09:00:00,156.69931605085165
2011-04-20 10:00:00,92.49489812359815
2011-04-20 11:00:00,99.50987993886267
2011-04-20 12:00:00,134.81558424210175
2011-04-20 13:00:00,132.6071435314998
2011-04-20 14:00:00,127.38600354124765
2011-04-20 15:00:00,125.19782174797957
2011-04-20 16:00:00,190.38290174816058
2011-04-20 17:00:00,351.4171832766517
2011-04-20 18:00:00,393.39080215454385
2011-04-20 19:00:00,299.52351517142523
2011-04-20 20:00:00,205.27496365250653
2011-04-20 21:00:00,146.43899200651651
2011-04-20 22:00:00,118.4540623754689
2011-04-20 23:00:00,65.30917368903117
2011-04-21 00:00:00,27.756388009764834
2011-04-21 01:00:00,10.14365446990857
2011-04-21 02:00:00,6.20345117104449
2011-04-21 03:00:00,3.2526772150216905
2011-04-21 04:00:00,2.812741474708329
2011-04-21 05:00:00,14.567779468345067
2011-04-21 06:00:00,28.79870581505302
2011-04-21 07:00:00,184.1453368524107
2011-04-21 08:00:00,287.2454507557352
2011-04-21 09:00:00,159.99860209752066
2011-04-21 10:00:00,85.62200276126498
2011-04-21 11:00:00,91.6047844317539
2011-04-21 12:00:00,131.78566691365396
2011-04-21 13:00:00,123.50523445836899
2011-04-21 14:00:00,112.979830801285
2011-04-21 15:00:00,119.93453249488157
2011-04-21 16:00:00,179.90766811068383
2011-04-21 17:00:00,355.8952494530915
2011-04-21 18:00:00,307.55687123663677
2011-04-21 19:00:00,218.5056247230556
2011-04-21 20:00:00,158.76522081212707
2011-04-21 21:00:00,119.06412305194515
2011-04-21 22:00:00,88.85583553230384
2011-04-21 23:00:00,54.460655911505384
2011-04-22 00:00:00,25.240949870888258
2011-04-22 01:00:00,12.684046389079521
2011-04-22 02:00:00,6.658606316260576
2011-04-22 03:00:00,3.1242453455501833
2011-04-22 04:00:00,2.5789957101432015
2011-04-22 05:00:00,13.37645063783729
2011-04-22 06:00:00,47.20979056177929
2011-04-22 07:00:00,137.03297027909463
2011-04-22 08:00:00,322.8793022126859
2011-04-22 09:00:00,108.82335456367987
2011-04-22 10:00:00,83.04220739107876
2011-04-22 11:00:00,63.80588519273047
2011-04-22 12:00:00,64.9126879468667
2011-04-22 13:00:00,43.760147617807775
2011-04-22 14:00:00,40.9282266361659
2011-04-22 15:00:00,42.416522545114525
2011-04-22 16:00:00,84.50988028718818
2011-04-22 17:00:00,103.31723560079884
2011-04-22 18:00:00,92.31656618883329
2011-04-22 19:00:00,68.89778101891342
2011-04-22 20:00:00,52.30423664438049
2011-04-22 21:00:00,37.85985847814899
2011-04-22 22:00:00,41.706901533626386
2011-04-22 23:00:00,34.67781632953302
2011-04-23 00:00:00,36.84329322208715
2011-04-23 01:00:00,28.78846926286364
2011-04-23 02:00:00,28.930721117082697
2011-04-23 03:00:00,8.528352880160046
2011-04-23 04:00:00,3.3582277220322156
2011-04-23 05:00:00,2.3224382269020794
2011-04-23 06:00:00,9.21838510700819
2011-04-23 07:00:00,10.902968949387171
2011-04-23 08:00:00,62.16351171539037
2011-04-23 09:00:00,80.43429614595082
2011-04-23 10:00:00,135.8658253949247
2011-04-23 11:00:00,150.37529910236736
2011-04-23 12:00:00,204.56754100695576
2011-04-23 13:00:00,205.8883820835449
2011-04-23 14:00:00,271.2315971515808
2011-04-23 15:00:00,276.2492184537021
2011-04-23 16:00:00,269.91624636069804
2011-04-23 17:00:00,245.2128341626413
2011-04-23 18:00:00,238.78683961926941
2011-04-23 19:00:00,159.85607076259464
2011-04-23 20:00:00,124.2443438853613
2011-04-23 21:00:00,104.51009738499658
2011-04-23 22:00:00,107.52003925178248
2011-04-23 23:00:00,78.15781779043432
2011-04-24 00:00:00,60.07831407213266
2011-04-24 01:00:00,41.931257890339616
2011-04-24 02:00:00,38.73746114427161
2011-04-24 03:00:00,13.317858524309385
2011-04-24 04:00:00,3.9056808255849376
2011-04-24 05:00:00,3.687932815788553
2011-04-24 06:00:00,6.897311178229554
2011-04-24 07:00:00,17.631759366256798
2011-04-24 08:00:00,47.425171047906694
2011-04-24 09:00:00,146.22096859402646
2011-04-24 10:00:00,259.7025136005139
2011-04-24 11:00:00,270.7085193213101
2011-04-24 12:00:00,381.9537923624193
2011-04-24 13:00:00,359.1660988796522
2011-04-24 14:00:00,336.9267935675761
2011-04-24 15:00:00,355.36775157109423
2011-04-24 16:00:00,378.44801057185225
2011-04-24 17:00:00,305.12409692749867
2011-04-24 18:00:00,279.90534517173154
2011-04-24 19:00:00,126.52139956206643
2011-04-24 20:00:00,92.40899946318761
2011-04-24 21:00:00,60.58533338424353
2011-04-24 22:00:00,47.392490158030206
2011-04-24 23:00:00,37.99264755601847
2011-04-25 00:00:00,14.155386604398457
2011-04-25 01:00:00,10.342086167290388
2011-04-25 02:00:00,7.21896304924987
2011-04-25 03:00:00,2.4542565424514606
2011-04-25 04:00:00,2.4760012741076247
2011-04-25 05:00:00,12.858168475814551
2011-04-25 06:00:00,60.13011329185532
2011-04-25 07:00:00,174.12810976274108
2011-04-25 08:00:00,343.06015659481477
2011-04-25 09:00:00,182.0425544576089
2011-04-25 10:00:00,105.34476821244402
2011-04-25 11:00:00,113.26769405135806
2011-04-25 12:00:00,141.29846995832534
2011-04-25 13:00:00,150.49790877287793
2011-04-25 14:00:00,141.07287389344123
2011-04-25 15:00:00,146.31935338802745
2011-04-25 16:00:00,212.7317074736581
2011-04-25 17:00:00,393.2222411246049
2011-04-25 18:00:00,432.5138157975175
2011-04-25 19:00:00,282.8035740826729
2011-04-25 20:00:00,193.84281241676135
2011-04-25 21:00:00,144.41882874841818
2011-04-25 22:00:00,101.19616992932735
2011-04-25 23:00:00,58.85090558276672
2011-04-26 00:00:00,19.96471745855225
2011-04-26 01:00:00,8.145168485396642
2011-04-26 02:00:00,5.0619827064151215
2011-04-26 03:00:00,3.193003685063627
2011-04-26 04:00:00,3.94463159995376
2011-04-26 05:00:00,16.905380786514428
2011-04-26 06:00:00,77.96479491828457
2011-04-26 07:00:00,247.7996849322008
2011-04-26 08:00:00,360.6822992741544
2011-04-26 09:00:00,168.39745856078028
2011-04-26 10:00:00,97.94102119346653
2011-04-26 11:00:00,108.36528931151982
2011-04-26 12:00:00,134.11913969946121
2011-04-26 13:00:00,137.8007927450946
2011-04-26 14:00:00,130.15855006783593
2011-04-26 15:00:00,136.28829675944564
2011-04-26 16:00:00,204.87480581702997
2011-04-26 17:00:00,436.64489682656995
2011-04-26 18:00:00,401.1046927274286
2011-04-26 19:00:00,288.60795741785086
2011-04-26 20:00:00,197.78356513833893
2011-04-26 21:00:00,151.62180866438075
2011-04-26 22:00:00,94.07057323448338
2011-04-26 23:00:00,55.81758047435516
2011-04-27 00:00:00,26.013302138864127
2011-04-27 01:00:00,9.13378813133658
2011-04-27 02:00:00,4.340063658629067
2011-04-27 03:00:00,2.9391709711753284
2011-04-27 04:00:00,2.4763375495541573
2011-04-27 05:00:00,12.699501935889561
2011-04-27 06:00:00,66.92539917477535
2011-04-27 07:00:00,185.74899395992
2011-04-27 08:00:00,272.49969425071407
2011-04-27 09:00:00,121.22997471325385
2011-04-27 10:00:00,79.3476664382653
2011-04-27 11:00:00,92.0503935120405
2011-04-27 12:00:00,117.4841800279375
2011-04-27 13:00:00,116.65868465725245
2011-04-27 14:00:00,109.78504570627032
2011-04-27 15:00:00,119.42447470650394
2011-04-27 16:00:00,176.8136265829261
2011-04-27 17:00:00,130.10131882386025
2011-04-27 18:00:00,153.14270260026484
2011-04-27 19:00:00,250.26497039681632
2011-04-27 20:00:00,157.68106696138733
2011-04-27 21:00:00,105.30926759868164
2011-04-27 22:00:00,74.44941656526059
2011-04-27 23:00:00,45.94987137883778
2011-04-28 00:00:00,24.906847246885594
2011-04-28 01:00:00,8.984937882434036
2011-04-28 02:00:00,5.683423443837859
2011-04-28 03:00:00,3.843148760197974
2011-04-28 04:00:00,2.988343112619186
2011-04-28 05:00:00,16.13444178471252
2011-04-28 06:00:00,76.44311020018992
2011-04-28 07:00:00,214.5549398986077
2011-04-28 08:00:00,309.04238816342183
2011-04-28 09:00:00,67.95700559951143
2011-04-28 10:00:00,72.13259489111748
2011-04-28 11:00:00,73.42773546316775
2011-04-28 12:00:00,127.97292794484187
2011-04-28 13:00:00,103.10496238755024
2011-04-28 14:00:00,99.90980431513469
2011-04-28 15:00:00,123.45234776101037
2011-04-28 16:00:00,199.17084829736632
2011-04-28 17:00:00,403.5942305498977
2011-04-28 18:00:00,420.6506461540458
2011-04-28 19:00:00,295.91674900505274
2011-04-28 20:00:00,217.11953673012238
2011-04-28 21:00:00,160.20024894002705
2011-04-28 22:00:00,124.20418738944123
2011-04-28 23:00:00,82.28452298967612
2011-04-29 00:00:00,33.33396339402148
2011-04-29 01:00:00,16.18749254937473
2011-04-29 02:00:00,8.32445246806553
2011-04-29 03:00:00,4.254996988284528
2011-04-29 04:00:00,3.202674183250182
2011-04-29 05:00:00,16.90269239235594
2011-04-29 06:00:00,58.54702108226422
2011-04-29 07:00:00,193.2277320413866
2011-04-29 08:00:00,358.2358850423508
2011-04-29 09:00:00,218.29136646706255
2011-04-29 10:00:00,128.0025215792586
2011-04-29 11:00:00,144.086643153756
2011-04-29 12:00:00,169.90162088942208
2011-04-29 13:00:00,166.61751145333196
2011-04-29 14:00:00,158.5241091302642
2011-04-29 15:00:00,152.6768828779878
2011-04-29 16:00:00,235.54743121676822
2011-04-29 17:00:00,323.741103647816
2011-04-29 18:00:00,275.1052840331308
2011-04-29 19:00:00,180.56828041726322
2011-04-29 20:00:00,141.18939097856799
2011-04-29 21:00:00,106.10999722615108
2011-04-29 22:00:00,92.25400178553157
2011-04-29 23:00:00,67.91350275805866
2011-04-30 00:00:00,56.228934052177934
2011-04-30 01:00:00,44.06446911965669
2011-04-30 02:00:00,38.583119978528266
2011-04-30 03:00:00,17.11578098654046
2011-04-30 04:00:00,4.982014309197203
2011-04-30 05:00:00,5.106471789388314
2011-04-30 06:00:00,12.060708727589901
2011-04-30 07:00:00,26.401867032388964
2011-04-30 08:00:00,68.36856384122883
2011-04-30 09:00:00,127.27413246866584
2011-04-30 10:00:00,190.6459690656085
2011-04-30 11:00:00,229.97026686818276
2011-04-30 12:00:00,278.70249175558257
2011-04-30 13:00:00,321.9722858439011
2011-04-30 14:00:00,330.0781986074903
2011-04-30 15:00:00,335.16242219361965
2011-04-30 16:00:00,336.6692065658842
2011-04-30 17:00:00,297.74112350215023
2011-04-30 18:00:00,260.50849319981023
2011-04-30 19:00:00,220.2134711614368
2011-04-30 20:00:00,116.46435968634496
2011-04-30 21:00:00,96.17137600183042
2011-04-30 22:00:00,79.41968673651533
2011-04-30 23:00:00,71.16098837322673
2011-05-20 00:00:00,46.90369883219799
2011-05-20 01:00:00,21.868769707332554
2011-05-20 02:00:00,12.64151958878277
2011-05-20 03:00:00,5.900667750647838
2011-05-20 04:00:00,4.366825762910011
2011-05-20 05:00:00,22.864031714333827
2011-05-20 06:00:00,80.61301469129609
2011-05-20 07:00:00,263.00345235278945
2011-05-20 08:00:00,459.669999942125
2011-05-20 09:00:00,249.8328009171364
2011-05-20 10:00:00,149.50331493590843
2011-05-20 11:00:00,170.7957957152963
2011-05-20 12:00:00,205.63285501881907
2011-05-20 13:00:00,211.95242540058433
2011-05-20 14:00:00,204.82342646973007
2011-05-20 15:00:00,202.85016176886376
2011-05-20 16:00:00,306.9752330000616
2011-05-20 17:00:00,527.6522410473525
2011-05-20 18:00:00,525.550449896121
2011-05-20 19:00:00,354.3566728578078
2011-05-20 20:00:00,261.23798655823157
2011-05-20 21:00:00,198.782137685943
2011-05-20 22:00:00,171.2899958094123
2011-05-20 23:00:00,114.96578965697239
2011-05-21 00:00:00,96.41665055877091
2011-05-21 01:00:00,70.7016498499599
2011-05-21 02:00:00,63.14049155564747
2011-05-21 03:00:00,25.268510800078953
2011-05-21 04:00:00,6.778023179696565
2011-05-21 05:00:00,8.01666377799835
2011-05-21 06:00:00,19.045283071501
2011-05-21 07:00:00,48.7446549095709
2011-05-21 08:00:00,94.08621489408863
2011-05-21 09:00:00,164.33742145662552
2011-05-21 10:00:00,255.12258254660622
2011-05-21 11:00:00,324.3647523162953
2011-05-21 12:00:00,397.2041369078782
2011-05-21 13:00:00,414.98480880213026
2011-05-21 14:00:00,394.04819787395434
2011-05-21 15:00:00,410.16955355167585
2011-05-21 16:00:00,372.58227438755193
2011-05-21 17:00:00,336.8388059586908
2011-05-21 18:00:00,312.63626985284463
2011-05-21 19:00:00,283.31534658197313
2011-05-21 20:00:00,232.4320845735085
2011-05-21 21:00:00,187.40701093954598
2011-05-21 22:00:00,150.9794968961366
2011-05-21 23:00:00,144.83322733006824
2011-05-22 00:00:00,78.3613223490104
2011-05-22 01:00:00,67.20494534744827
2011-05-22 02:00:00,58.101667528498474
2011-05-22 03:00:00,27.2438770993984
2011-05-22 04:00:00,8.657496933773608
2011-05-22 05:00:00,8.925741751217766
2011-05-22 06:00:00,13.346090214583949
2011-05-22 07:00:00,36.39469972131567
2011-05-22 08:00:00,81.51583617519805
2011-05-22 09:00:00,181.81057546181913
2011-05-22 10:00:00,280.67263437090395
2011-05-22 11:00:00,319.20303063574386
2011-05-22 12:00:00,382.95631595157755
2011-05-22 13:00:00,364.6420665363365
2011-05-22 14:00:00,332.31487116318016
2011-05-22 15:00:00,344.27717880869386
2011-05-22 16:00:00,417.1189187116504
2011-05-22 17:00:00,386.16708729914984
2011-05-22 18:00:00,358.5066449537781
2011-05-22 19:00:00,299.76970455669175
2011-05-22 20:00:00,215.88648574653692
2011-05-22 21:00:00,177.72948937525834
2011-05-22 22:00:00,126.25831534035561
2011-05-22 23:00:00,65.68776997629685
2011-05-23 00:00:00,29.6040702871091
2011-05-23 01:00:00,17.185624716463238
2011-05-23 02:00:00,7.780592258868689
2011-05-23 03:00:00,3.398112002889669
2011-05-23 04:00:00,4.847404778378046
2011-05-23 05:00:00,22.47498758795228
2011-05-23 06:00:00,89.8462366961988
2011-05-23 07:00:00,266.3758291389073
2011-05-23 08:00:00,388.7793822222187
2011-05-23 09:00:00,204.46614777839878
2011-05-23 10:00:00,126.97899234694954
2011-05-23 11:00:00,142.08040474535645
2011-05-23 12:00:00,175.9210924949559
2011-05-23 13:00:00,183.17207551993866
2011-05-23 14:00:00,158.56158545522413
2011-05-23 15:00:00,164.85994827995103
2011-05-23 16:00:00,251.61078339499198
2011-05-23 17:00:00,424.93458866161893
2011-05-23 18:00:00,566.4453749760615
2011-05-23 19:00:00,381.41176580004077
2011-05-23 20:00:00,249.80713160393606
2011-05-23 21:00:00,159.57474637319845
2011-05-23 22:00:00,121.37559454787268
2011-05-23 23:00:00,64.65109201270668
2011-05-24 00:00:00,21.024531578834548
2011-05-24 01:00:00,9.147003845698723
2011-05-24 02:00:00,5.875362359632572
2011-05-24 03:00:00,4.21232947916431
2011-05-24 04:00:00,5.023065122727557
2011-05-24 05:00:00,19.768059372765403
2011-05-24 06:00:00,87.2382895147553
2011-05-24 07:00:00,213.85010305233357
2011-05-24 08:00:00,300.76292161729106
2011-05-24 09:00:00,192.98492153146168
2011-05-24 10:00:00,118.82858310358606
2011-05-24 11:00:00,143.24529761986597
2011-05-24 12:00:00,174.03324127959112
2011-05-24 13:00:00,184.75329713179076
2011-05-24 14:00:00,166.060771861859
2011-05-24 15:00:00,165.82083388791557
2011-05-24 16:00:00,254.41284303944556
2011-05-24 17:00:00,559.8912225610444
2011-05-24 18:00:00,532.8290907923922
2011-05-24 19:00:00,395.8474103129593
2011-05-24 20:00:00,278.6158065391382
2011-05-24 21:00:00,212.7537373657775
2011-05-24 22:00:00,88.88364585056469
2011-05-24 23:00:00,89.12183045671891
2011-05-25 00:00:00,28.776952521303134
2011-05-25 01:00:00,12.186808911837156
2011-05-25 02:00:00,7.043301908727788
2011-05-25 03:00:00,5.5762553400819055
2011-05-25 04:00:00,4.609660770093769
2011-05-25 05:00:00,22.3615470744643
2011-05-25 06:00:00,95.77134105409166
2011-05-25 07:00:00,310.5164883825614
2011-05-25 08:00:00,446.4192207496908
2011-05-25 09:00:00,214.47530724961487
2011-05-25 10:00:00,124.28637232962609
2011-05-25 11:00:00,144.80164329928067
2011-05-25 12:00:00,180.00110686763267
2011-05-25 13:00:00,177.45714947582138
2011-05-25 14:00:00,166.8620017867305
2011-05-25 15:00:00,173.69328163535104
2011-05-25 16:00:00,255.32304189669026
2011-05-25 17:00:00,495.7851605512578
2011-05-25 18:00:00,569.6608328262945
2011-05-25 19:00:00,383.2932614101781
2011-05-25 20:00:00,284.4257848405703
2011-05-25 21:00:00,209.07136656634526
2011-05-25 22:00:00,157.61866769160622
2011-05-25 23:00:00,97.96266335477686
2011-05-26 00:00:00,37.957380554864265
2011-05-26 01:00:00,16.48865346061673
2011-05-26 02:00:00,10.186455861919903
2011-05-26 03:00:00,5.9346626533221025
2011-05-26 04:00:00,5.404335209793627
2011-05-26 05:00:00,24.55891663615113
2011-05-26 06:00:00,88.56555410136279
2011-05-26 07:00:00,255.70610725179245
2011-05-26 08:00:00,418.224877663636
2011-05-26 09:00:00,210.2748556507479
2011-05-26 10:00:00,115.73387003094228
2011-05-26 11:00:00,140.96671167005408
2011-05-26 12:00:00,191.72459925837563
2011-05-26 13:00:00,185.37130340818644
2011-05-26 14:00:00,163.41289301777806
2011-05-26 15:00:00,162.78798960870768
2011-05-26 16:00:00,249.88816114432169
2011-05-26 17:00:00,509.0611796731921
2011-05-26 18:00:00,563.0272930946317
2011-05-26 19:00:00,397.5357563786202
2011-05-26 20:00:00,302.13412928953164
2011-05-26 21:00:00,221.1840737263753
2011-05-26 22:00:00,166.77254002587728
2011-05-26 23:00:00,110.7318027547457
2011-05-27 00:00:00,53.08044283454012
2011-05-27 01:00:00,25.01800933912567
2011-05-27 02:00:00,14.930654511300292
2011-05-27 03:00:00,6.959818937437506
2011-05-27 04:00:00,5.633034412381075
2011-05-27 05:00:00,25.679156692884835
2011-05-27 06:00:00,89.58443325745384
2011-05-27 07:00:00,282.21441328579385
2011-05-27 08:00:00,436.6438415062856
2011-05-27 09:00:00,250.20205401072474
2011-05-27 10:00:00,149.5617410516576
2011-05-27 11:00:00,163.54230779988634
2011-05-27 12:00:00,195.0242812335571
2011-05-27 13:00:00,223.99876513564
2011-05-27 14:00:00,208.62062563951133
2011-05-27 15:00:00,210.35899414528274
2011-05-27 16:00:00,288.1585316357877
2011-05-27 17:00:00,505.8956942949777
2011-05-27 18:00:00,457.5806909731953
2011-05-27 19:00:00,301.7692993962383
2011-05-27 20:00:00,237.06475448575304
2011-05-27 21:00:00,173.8242440485999
2011-05-27 22:00:00,173.07782519009217
2011-05-27 23:00:00,121.19123064904782
2011-05-28 00:00:00,96.82911131696228
2011-05-28 01:00:00,66.83695340812734
2011-05-28 02:00:00,60.295596755284265
2011-05-28 03:00:00,24.241945361365154
2011-05-28 04:00:00,7.580670306358487
2011-05-28 05:00:00,7.996182626490661
2011-05-28 06:00:00,20.406792926052653
2011-05-28 07:00:00,48.37510744935332
2011-05-28 08:00:00,101.18439063175124
2011-05-28 09:00:00,156.2262681971079
2011-05-28 10:00:00,253.9536943802745
2011-05-28 11:00:00,312.4466159352889
2011-05-28 12:00:00,397.7157374618794
2011-05-28 13:00:00,393.6733755293189
2011-05-28 14:00:00,385.20803196846333
2011-05-28 15:00:00,392.93687275987935
2011-05-28 16:00:00,377.67689953269036
2011-05-28 17:00:00,334.1859901212018
2011-05-28 18:00:00,330.2461562128646
2011-05-28 19:00:00,279.4259503693416
2011-05-28 20:00:00,228.90592811103443
2011-05-28 21:00:00,175.72726328097028
2011-05-28 22:00:00,157.59384026682596
2011-05-28 23:00:00,127.54026392369732
2011-05-29 00:00:00,87.56395335098163
2011-05-29 01:00:00,67.47491410009471
2011-05-29 02:00:00,61.251178568270646
2011-05-29 03:00:00,29.967459487288878
2011-05-29 04:00:00,10.208303879555931
2011-05-29 05:00:00,8.809306152227448
2011-05-29 06:00:00,13.182189081339281
2011-05-29 07:00:00,31.8841963976486
2011-05-29 08:00:00,60.78164625807532
2011-05-29 09:00:00,134.0536604035896
2011-05-29 10:00:00,229.09140864249505
2011-05-29 11:00:00,230.22822797715892
2011-05-29 12:00:00,361.9968276582615
2011-05-29 13:00:00,399.6786780116008
2011-05-29 14:00:00,366.6028945194531
2011-05-29 15:00:00,381.8893173517964
2011-05-29 16:00:00,380.23701154959036
2011-05-29 17:00:00,336.7669000095851
2011-05-29 18:00:00,323.0881220813547
2011-05-29 19:00:00,298.9380124285661
2011-05-29 20:00:00,186.50351433159935
2011-05-29 21:00:00,158.10506850452276
2011-05-29 22:00:00,118.95532916051117
2011-05-29 23:00:00,70.90584787891164
2011-05-30 00:00:00,63.125355411508025
2011-05-30 01:00:00,37.719537598728856
2011-05-30 02:00:00,25.68847291743943
2011-05-30 03:00:00,12.501193422017284
2011-05-30 04:00:00,8.439001572203352
2011-05-30 05:00:00,18.359032833493238
2011-05-30 06:00:00,72.99342561924253
2011-05-30 07:00:00,162.82352402551797
2011-05-30 08:00:00,308.9978308280706
2011-05-30 09:00:00,182.6866925235669
2011-05-30 10:00:00,214.60663119809882
2011-05-30 11:00:00,273.83804483877447
2011-05-30 12:00:00,308.27557915099146
2011-05-30 13:00:00,324.80837361961795
2011-05-30 14:00:00,294.58650669942995
2011-05-30 15:00:00,302.88862809795273
2011-05-30 16:00:00,289.36041947533687
2011-05-30 17:00:00,278.9912675582696
2011-05-30 18:00:00,332.6384853869745
2011-05-30 19:00:00,278.92959581102735
2011-05-30 20:00:00,310.28990759202065
2011-05-30 21:00:00,156.99258790082314
2011-05-30 22:00:00,135.19676114871763
2011-05-30 23:00:00,81.33237662299362
2011-05-31 00:00:00,26.70787367219204
2011-05-31 01:00:00,10.819662747546548
2011-05-31 02:00:00,6.2308580452809
2011-05-31 03:00:00,4.214688784376097
2011-05-31 04:00:00,5.363428598810095
2011-05-31 05:00:00,23.977844748188073
2011-05-31 06:00:00,102.77840555404802
2011-05-31 07:00:00,320.9210639054141
2011-05-31 08:00:00,434.2791248014878
2011-05-31 09:00:00,217.2458090061931
2011-05-31 10:00:00,110.91084773757095
2011-05-31 11:00:00,126.45795684746948
2011-05-31 12:00:00,161.6122588443398
2011-05-31 13:00:00,158.02426603866232
2011-05-31 14:00:00,146.85849257385854
2011-05-31 15:00:00,153.3348207877172
2011-05-31 16:00:00,235.51255638348763
2011-05-31 17:00:00,496.9185380345489
2011-05-31 18:00:00,484.910837904963
2011-05-31 19:00:00,419.80097373179285
2011-05-31 20:00:00,283.54814332172475
2011-05-31 21:00:00,212.61705801486522
2011-05-31 22:00:00,156.15530059795745
2011-05-31 23:00:00,79.39974346498194
2011-06-20 00:00:00,33.53389029670482
2011-06-20 01:00:00,13.90268100907835
2011-06-20 02:00:00,9.587343365886323
2011-06-20 03:00:00,2.9486410725693077
2011-06-20 04:00:00,2.86746184536248
2011-06-20 05:00:00,16.211821158993324
2011-06-20 06:00:00,66.90647105463867
2011-06-20 07:00:00,126.01612449592056
2011-06-20 08:00:00,276.03766200689466
2011-06-20 09:00:00,208.77704367777014
2011-06-20 10:00:00,123.22801899792101
2011-06-20 11:00:00,133.53202988792955
2011-06-20 12:00:00,154.53464780912975
2011-06-20 13:00:00,180.6215171770313
2011-06-20 14:00:00,163.74780469773228
2011-06-20 15:00:00,169.72940308944305
2011-06-20 16:00:00,265.39952711733423
2011-06-20 17:00:00,499.07082881918296
2011-06-20 18:00:00,562.8925510949438
2011-06-20 19:00:00,358.9117451520357
2011-06-20 20:00:00,257.12618932980286
2011-06-20 21:00:00,187.4438898095926
2011-06-20 22:00:00,130.02560670723076
2011-06-20 23:00:00,81.09965236781541
2011-06-21 00:00:00,34.020666797270536
2011-06-21 01:00:00,9.957662442889605
2011-06-21 02:00:00,8.907687739740512
2011-06-21 03:00:00,3.535312699551449
2011-06-21 04:00:00,5.44503257701851
2011-06-21 05:00:00,23.488316989338948
2011-06-21 06:00:00,112.41455939901907
2011-06-21 07:00:00,260.00356256771124
2011-06-21 08:00:00,465.121243755508
2011-06-21 09:00:00,195.20346972563038
2011-06-21 10:00:00,132.78871474544772
2011-06-21 11:00:00,130.02672191887316
2011-06-21 12:00:00,195.38275563521032
2011-06-21 13:00:00,200.07794737506586
2011-06-21 14:00:00,189.06409173038563
2011-06-21 15:00:00,207.35392306266203
2011-06-21 16:00:00,308.7339442837437
2011-06-21 17:00:00,636.7930436652564
2011-06-21 18:00:00,577.9173126915204
2011-06-21 19:00:00,432.3532040924644
2011-06-21 20:00:00,256.86531184598874
2011-06-21 21:00:00,243.72798149870079
2011-06-21 22:00:00,156.85877889000554
2011-06-21 23:00:00,106.60924597714033
2011-06-22 00:00:00,40.58338524886422
2011-06-22 01:00:00,17.00569985791998
2011-06-22 02:00:00,8.696059651920345
2011-06-22 03:00:00,6.32981741897797
2011-06-22 04:00:00,5.89590542286278
2011-06-22 05:00:00,25.29645126573864
2011-06-22 06:00:00,133.2826411204687
2011-06-22 07:00:00,394.51465188947947
2011-06-22 08:00:00,594.3627711366535
2011-06-22 09:00:00,252.70782788508325
2011-06-22 10:00:00,149.2152388306739
2011-06-22 11:00:00,161.55681263176803
2011-06-22 12:00:00,190.27476088727698
2011-06-22 13:00:00,166.35197828027063
2011-06-22 14:00:00,181.76174329920642
2011-06-22 15:00:00,166.20792572430668
2011-06-22 16:00:00,249.76517879295992
2011-06-22 17:00:00,548.4600372054191
2011-06-22 18:00:00,627.6761800289876
2011-06-22 19:00:00,439.8554374862598
2011-06-22 20:00:00,329.4005111672971
2011-06-22 21:00:00,215.49383588798938
2011-06-22 22:00:00,152.93519489069132
2011-06-22 23:00:00,96.2020377548182
2011-06-23 00:00:00,44.28266372036065
2011-06-23 01:00:00,19.008493839130345
2011-06-23 02:00:00,12.010275602673106
2011-06-23 03:00:00,6.214610895288688
2011-06-23 04:00:00,6.237598734249544
2011-06-23 05:00:00,32.958401749660595
2011-06-23 06:00:00,139.15228284437796
2011-06-23 07:00:00,374.3916526473416
2011-06-23 08:00:00,550.6346049502228
2011-06-23 09:00:00,239.62327803550548
2011-06-23 10:00:00,146.32365203872556
2011-06-23 11:00:00,121.8592864365078
2011-06-23 12:00:00,209.46512108626345
2011-06-23 13:00:00,206.46719562343165
2011-06-23 14:00:00,184.43932849106272
2011-06-23 15:00:00,197.8746396839877
2011-06-23 16:00:00,290.1634365600354
2011-06-23 17:00:00,519.7883987671635
2011-06-23 18:00:00,652.9770733516572
2011-06-23 19:00:00,458.4644313545781
2011-06-23 20:00:00,338.34652131489764
2011-06-23 21:00:00,255.8053338491374
2011-06-23 22:00:00,176.31288511492434
2011-06-23 23:00:00,136.40526907628276
2011-06-24 00:00:00,59.91380020967811
2011-06-24 01:00:00,28.787809859542506
2011-06-24 02:00:00,16.019245981207927
2011-06-24 03:00:00,6.66206766509629
2011-06-24 04:00:00,6.451103080313931
2011-06-24 05:00:00,25.899054967727363
2011-06-24 06:00:00,111.26571305825374
2011-06-24 07:00:00,323.7982299485137
2011-06-24 08:00:00,593.9613415516211
2011-06-24 09:00:00,305.5837383685631
2011-06-24 10:00:00,198.08940460937407
2011-06-24 11:00:00,210.23214826809937
2011-06-24 12:00:00,258.1412692479998
2011-06-24 13:00:00,256.27100472778477
2011-06-24 14:00:00,243.82477108450092
2011-06-24 15:00:00,255.283248213302
2011-06-24 16:00:00,387.593732812834
2011-06-24 17:00:00,641.5480785912032
2011-06-24 18:00:00,617.7290000525508
2011-06-24 19:00:00,437.0165286879721
2011-06-24 20:00:00,303.9343541977981
2011-06-24 21:00:00,228.74405723150673
2011-06-24 22:00:00,206.11462757297556
2011-06-24 23:00:00,168.02509974691296
2011-06-25 00:00:00,126.76578092188484
2011-06-25 01:00:00,91.4922827667464
2011-06-25 02:00:00,75.42828237776992
2011-06-25 03:00:00,29.245429659058885
2011-06-25 04:00:00,10.861395714805651
2011-06-25 05:00:00,11.170495320659455
2011-06-25 06:00:00,26.567529160753143
2011-06-25 07:00:00,64.97559988912425
2011-06-25 08:00:00,131.57421515311427
2011-06-25 09:00:00,209.64983558231597
2011-06-25 10:00:00,331.98857139613733
2011-06-25 11:00:00,404.67252270435125
2011-06-25 12:00:00,477.1452417241807
2011-06-25 13:00:00,481.2002737777247
2011-06-25 14:00:00,462.664662052186
2011-06-25 15:00:00,479.86714254303473
2011-06-25 16:00:00,474.4155635655922
2011-06-25 17:00:00,429.9159385506234
2011-06-25 18:00:00,396.62110778726856
2011-06-25 19:00:00,337.5120139076308
2011-06-25 20:00:00,272.3043282761074
2011-06-25 21:00:00,233.03695920922746
2011-06-25 22:00:00,184.73654611473063
2011-06-25 23:00:00,158.3953094114223
2011-06-26 00:00:00,141.61444883403524
2011-06-26 01:00:00,112.74383485712556
2011-06-26 02:00:00,99.91607969858609
2011-06-26 03:00:00,42.02596696033012
2011-06-26 04:00:00,11.643743392808622
2011-06-26 05:00:00,10.913021196465648
2011-06-26 06:00:00,17.49618837162738
2011-06-26 07:00:00,43.92729521202135
2011-06-26 08:00:00,95.93137860356953
2011-06-26 09:00:00,206.47855112800218
2011-06-26 10:00:00,330.27800811179077
2011-06-26 11:00:00,341.2380782549932
2011-06-26 12:00:00,473.92625264505773
2011-06-26 13:00:00,468.9837586388254
2011-06-26 14:00:00,434.1815630515151
2011-06-26 15:00:00,451.64928128821623
2011-06-26 16:00:00,459.17455216746595
2011-06-26 17:00:00,329.325437840518
2011-06-26 18:00:00,309.49553148782064
2011-06-26 19:00:00,265.50038881965406
2011-06-26 20:00:00,176.54933648929196
2011-06-26 21:00:00,157.75172413811603
2011-06-26 22:00:00,152.9856331696095
2011-06-26 23:00:00,91.01306053218005
2011-06-27 00:00:00,27.48524516901001
2011-06-27 01:00:00,13.67543946537154
2011-06-27 02:00:00,11.927184117724789
2011-06-27 03:00:00,3.9784816938980647
2011-06-27 04:00:00,5.561055200905905
2011-06-27 05:00:00,25.42027103370449
2011-06-27 06:00:00,115.17120496211186
2011-06-27 07:00:00,341.48415257560663
2011-06-27 08:00:00,519.2904921286984
2011-06-27 09:00:00,247.3132174114453
2011-06-27 10:00:00,148.54068043351324
2011-06-27 11:00:00,164.24700229392334
2011-06-27 12:00:00,190.2922065148646
2011-06-27 13:00:00,205.3066886883092
2011-06-27 14:00:00,191.1200022803646
2011-06-27 15:00:00,194.4886753494222
2011-06-27 16:00:00,325.345802105943
2011-06-27 17:00:00,606.4818416198243
2011-06-27 18:00:00,697.4727760351724
2011-06-27 19:00:00,447.0085200213001
2011-06-27 20:00:00,315.83335726330375
2011-06-27 21:00:00,230.1438320979872
2011-06-27 22:00:00,168.05514395223292
2011-06-27 23:00:00,96.21229519311585
2011-06-28 00:00:00,29.713798258322154
2011-06-28 01:00:00,14.09551288796419
2011-06-28 02:00:00,8.102820248961327
2011-06-28 03:00:00,4.951942321488988
2011-06-28 04:00:00,6.809674151674671
2011-06-28 05:00:00,29.555471654309788
2011-06-28 06:00:00,128.26126670513247
2011-06-28 07:00:00,388.9508881091934
2011-06-28 08:00:00,553.6605937807268
2011-06-28 09:00:00,251.81447230601268
2011-06-28 10:00:00,160.92313781827298
2011-06-28 11:00:00,168.0158652510667
2011-06-28 12:00:00,207.08777219707048
2011-06-28 13:00:00,205.6353665678259
2011-06-28 14:00:00,167.51767108457412
2011-06-28 15:00:00,180.99599112876393
2011-06-28 16:00:00,270.42477148786884
2011-06-28 17:00:00,453.64646750776325
2011-06-28 18:00:00,576.0439901149708
2011-06-28 19:00:00,459.62510097044174
2011-06-28 20:00:00,334.9980235257712
2011-06-28 21:00:00,252.45102914047857
2011-06-28 22:00:00,186.07104944862252
2011-06-28 23:00:00,105.02172373578603
2011-06-29 00:00:00,33.6334830205264
2011-06-29 01:00:00,16.684120629165022
2011-06-29 02:00:00,8.492025218587267
2011-06-29 03:00:00,5.641821667260776
2011-06-29 04:00:00,5.972132987663166
2011-06-29 05:00:00,27.406178405743336
2011-06-29 06:00:00,136.01428739070263
2011-06-29 07:00:00,400.73438925102647
2011-06-29 08:00:00,600.5933355692446
2011-06-29 09:00:00,277.2818519825538
2011-06-29 10:00:00,164.73567159727733
2011-06-29 11:00:00,175.33752242313483
2011-06-29 12:00:00,216.8090566065562
2011-06-29 13:00:00,212.23571571362282
2011-06-29 14:00:00,202.51424029916558
2011-06-29 15:00:00,213.18530172238655
2011-06-29 16:00:00,327.0903401564143
2011-06-29 17:00:00,599.984127890282
2011-06-29 18:00:00,678.3492747469412
2011-06-29 19:00:00,473.0069404819453
2011-06-29 20:00:00,336.2141346590458
2011-06-29 21:00:00,252.0166326839518
2011-06-29 22:00:00,187.57337165282445
2011-06-29 23:00:00,112.94622044499575
2011-06-30 00:00:00,47.830164039387014
2011-06-30 01:00:00,20.466072238873462
2011-06-30 02:00:00,12.615513763098141
2011-06-30 03:00:00,7.2055292610715345
2011-06-30 04:00:00,7.197673694345383
2011-06-30 05:00:00,33.882672700421196
2011-06-30 06:00:00,143.32023582573217
2011-06-30 07:00:00,412.4821570551756
2011-06-30 08:00:00,587.4148292627638
2011-06-30 09:00:00,277.9873951619623
2011-06-30 10:00:00,163.80214560083746
2011-06-30 11:00:00,172.6401110553569
2011-06-30 12:00:00,235.31200879881982
2011-06-30 13:00:00,236.92571446669723
2011-06-30 14:00:00,210.83852780257178
2011-06-30 15:00:00,221.02922107475786
2011-06-30 16:00:00,335.49782016830227
2011-06-30 17:00:00,615.3413863668771
2011-06-30 18:00:00,688.3233954013735
2011-06-30 19:00:00,487.5755418761067
2011-06-30 20:00:00,341.46673890723946
2011-06-30 21:00:00,258.488536798144
2011-06-30 22:00:00,196.9302730718668
2011-06-30 23:00:00,133.8326181308624
2011-07-20 00:00:00,36.754786571323415
2011-07-20 01:00:00,15.105996151581763
2011-07-20 02:00:00,8.033053445112085
2011-07-20 03:00:00,6.444660332343329
2011-07-20 04:00:00,5.242731368586014
2011-07-20 05:00:00,25.91829440747805
2011-07-20 06:00:00,102.56056324508367
2011-07-20 07:00:00,324.08128375859786
2011-07-20 08:00:00,484.4715004961121
2011-07-20 09:00:00,239.72917024224893
2011-07-20 10:00:00,138.1256368522227
2011-07-20 11:00:00,130.75620754846392
2011-07-20 12:00:00,167.10359671791326
2011-07-20 13:00:00,167.6225620184047
2011-07-20 14:00:00,156.29235521432
2011-07-20 15:00:00,165.2361588999721
2011-07-20 16:00:00,251.38898390841013
2011-07-20 17:00:00,471.42505906567874
2011-07-20 18:00:00,529.0950028278481
2011-07-20 19:00:00,339.13760189106836
2011-07-20 20:00:00,296.7212487584011
2011-07-20 21:00:00,204.5825612407705
2011-07-20 22:00:00,173.21473910140483
2011-07-20 23:00:00,107.93044174767171
2011-07-21 00:00:00,38.810434115180094
2011-07-21 01:00:00,16.528820655776986
2011-07-21 02:00:00,10.30874620407078
2011-07-21 03:00:00,6.700912605733102
2011-07-21 04:00:00,5.86222938836857
2011-07-21 05:00:00,29.075236677515395
2011-07-21 06:00:00,116.74494632880082
2011-07-21 07:00:00,320.62002919733027
2011-07-21 08:00:00,449.3171416573754
2011-07-21 09:00:00,199.92957788339803
2011-07-21 10:00:00,104.92983039885388
2011-07-21 11:00:00,120.12923112107732
2011-07-21 12:00:00,167.8598673018951
2011-07-21 13:00:00,165.69738575759604
2011-07-21 14:00:00,143.19871744076644
2011-07-21 15:00:00,154.96737074402344
2011-07-21 16:00:00,229.96429765137535
2011-07-21 17:00:00,434.8008092295071
2011-07-21 18:00:00,490.3522800913551
2011-07-21 19:00:00,336.4239971113563
2011-07-21 20:00:00,271.66671782092124
2011-07-21 21:00:00,184.50370787079171
2011-07-21 22:00:00,137.0110208241204
2011-07-21 23:00:00,109.09761524719517
2011-07-22 00:00:00,50.62534579277459
2011-07-22 01:00:00,23.422380803021472
2011-07-22 02:00:00,12.539048324757392
2011-07-22 03:00:00,6.21559971540429
2011-07-22 04:00:00,5.935495465589047
2011-07-22 05:00:00,27.148211353110295
2011-07-22 06:00:00,100.48515343679694
2011-07-22 07:00:00,260.9071036694535
2011-07-22 08:00:00,393.7167914839793
2011-07-22 09:00:00,224.42637432124062
2011-07-22 10:00:00,135.9342549713655
2011-07-22 11:00:00,149.23500255217357
2011-07-22 12:00:00,184.06810108281522
2011-07-22 13:00:00,178.2263728019173
2011-07-22 14:00:00,170.2758050320887
2011-07-22 15:00:00,178.77556287942446
2011-07-22 16:00:00,226.4124062430742
2011-07-22 17:00:00,457.56652307968636
2011-07-22 18:00:00,482.7390363023391
2011-07-22 19:00:00,332.43363574003524
2011-07-22 20:00:00,281.6489767990269
2011-07-22 21:00:00,191.1600805593619
2011-07-22 22:00:00,155.87388804201723
2011-07-22 23:00:00,129.098052698626
2011-07-23 00:00:00,99.16942109752044
2011-07-23 01:00:00,83.18001674622309
2011-07-23 02:00:00,71.17075034573773
2011-07-23 03:00:00,29.372495371698733
2011-07-23 04:00:00,9.36761365906451
2011-07-23 05:00:00,10.205727040225415
2011-07-23 06:00:00,22.803341628278076
2011-07-23 07:00:00,53.6927939104745
2011-07-23 08:00:00,91.68736104067777
2011-07-23 09:00:00,168.19637481214195
2011-07-23 10:00:00,257.7833591704426
2011-07-23 11:00:00,312.7372666814502
2011-07-23 12:00:00,344.5398915398804
2011-07-23 13:00:00,338.3016064054719
2011-07-23 14:00:00,327.2180444822327
2011-07-23 15:00:00,329.72576654446345
2011-07-23 16:00:00,329.97592713014495
2011-07-23 17:00:00,299.59749211984047
2011-07-23 18:00:00,279.757588411575
2011-07-23 19:00:00,260.57746612785974
2011-07-23 20:00:00,257.0523436344331
2011-07-23 21:00:00,207.6954053958179
2011-07-23 22:00:00,177.27640973910187
2011-07-23 23:00:00,156.03065703917628
2011-07-24 00:00:00,128.4062474231991
2011-07-24 01:00:00,98.82025624220229
2011-07-24 02:00:00,76.54432361482802
2011-07-24 03:00:00,37.39036732586435
2011-07-24 04:00:00,10.067598875631282
2011-07-24 05:00:00,9.960889969638105
2011-07-24 06:00:00,12.895262757705153
2011-07-24 07:00:00,34.64607828399383
2011-07-24 08:00:00,66.26034149336938
2011-07-24 09:00:00,162.3139711431082
2011-07-24 10:00:00,251.18314664345735
2011-07-24 11:00:00,269.4986790389667
2011-07-24 12:00:00,352.10197602875104
2011-07-24 13:00:00,356.74660083765406
2011-07-24 14:00:00,335.90682310352787
2011-07-24 15:00:00,323.7761863866969
2011-07-24 16:00:00,321.84253937359847
2011-07-24 17:00:00,319.1258413846768
2011-07-24 18:00:00,298.7112225271375
2011-07-24 19:00:00,254.8343375755731
2011-07-24 20:00:00,195.31705445779215
2011-07-24 21:00:00,162.0619550963187
2011-07-24 22:00:00,134.59720149077907
2011-07-24 23:00:00,71.60981365451181
2011-07-25 00:00:00,31.426099415862197
2011-07-25 01:00:00,13.278271896711331
2011-07-25 02:00:00,8.665840131844025
2011-07-25 03:00:00,6.158469461081769
2011-07-25 04:00:00,6.178771266939908
2011-07-25 05:00:00,25.034134441224804
2011-07-25 06:00:00,101.59102824009558
2011-07-25 07:00:00,284.92155810723403
2011-07-25 08:00:00,429.54540391745235
2011-07-25 09:00:00,205.7794179392022
2011-07-25 10:00:00,124.98707012402546
2011-07-25 11:00:00,135.33803834338516
2011-07-25 12:00:00,160.81172220363055
2011-07-25 13:00:00,189.81297028504878
2011-07-25 14:00:00,152.2688068877386
2011-07-25 15:00:00,160.68828422663637
2011-07-25 16:00:00,242.05674940187058
2011-07-25 17:00:00,518.214513173743
2011-07-25 18:00:00,604.6229983515906
2011-07-25 19:00:00,396.1568282735564
2011-07-25 20:00:00,287.94662742529124
2011-07-25 21:00:00,184.85841974021363
2011-07-25 22:00:00,136.69202791197938
2011-07-25 23:00:00,76.06442716224386
2011-07-26 00:00:00,30.529256774676774
2011-07-26 01:00:00,12.732746695942462
2011-07-26 02:00:00,6.913072299305173
2011-07-26 03:00:00,4.7539538159707515
2011-07-26 04:00:00,4.994398580297547
2011-07-26 05:00:00,23.687857047955138
2011-07-26 06:00:00,112.37707772452133
2011-07-26 07:00:00,341.9326266421681
2011-07-26 08:00:00,479.13291740759695
2011-07-26 09:00:00,243.10546191232947
2011-07-26 10:00:00,144.6957189843355
2011-07-26 11:00:00,156.78080451836257
2011-07-26 12:00:00,195.45641954220318
2011-07-26 13:00:00,190.85796413246698
2011-07-26 14:00:00,181.4867095959569
2011-07-26 15:00:00,185.5160264183553
2011-07-26 16:00:00,283.1817840037238
2011-07-26 17:00:00,607.2190792800543
2011-07-26 18:00:00,609.1658148863388
2011-07-26 19:00:00,450.8746042092905
2011-07-26 20:00:00,298.02432733748515
2011-07-26 21:00:00,230.17671211089268
2011-07-26 22:00:00,177.73993519130633
2011-07-26 23:00:00,97.86574514758222
2011-07-27 00:00:00,36.258383526531794
2011-07-27 01:00:00,16.307690907922463
2011-07-27 02:00:00,8.476956724425335
2011-07-27 03:00:00,7.106481335894621
2011-07-27 04:00:00,5.875831958914822
2011-07-27 05:00:00,28.425416571889198
2011-07-27 06:00:00,115.19302125866507
2011-07-27 07:00:00,335.3887902563667
2011-07-27 08:00:00,484.3833720182724
2011-07-27 09:00:00,252.7957504306679
2011-07-27 10:00:00,150.23774875548744
2011-07-27 11:00:00,157.905025594882
2011-07-27 12:00:00,196.1807659782573
2011-07-27 13:00:00,192.82009440180394
2011-07-27 14:00:00,181.8877045465472
2011-07-27 15:00:00,192.12109663738318
2011-07-27 16:00:00,292.54974033190757
2011-07-27 17:00:00,548.5134905940176
2011-07-27 18:00:00,609.7325371306554
2011-07-27 19:00:00,435.23033509788314
2011-07-27 20:00:00,304.1950210929713
2011-07-27 21:00:00,229.66058569916154
2011-07-27 22:00:00,174.58837838217954
2011-07-27 23:00:00,101.90362567920812
2011-07-28 00:00:00,44.7726506309791
2011-07-28 01:00:00,18.789954957428545
2011-07-28 02:00:00,11.70158015948656
2011-07-28 03:00:00,7.5939325182634505
2011-07-28 04:00:00,6.611258969506298
2011-07-28 05:00:00,31.742438941659238
2011-07-28 06:00:00,120.48928919151491
2011-07-28 07:00:00,345.5093445011778
2011-07-28 08:00:00,497.7702026509299
2011-07-28 09:00:00,248.40270894728928
2011-07-28 10:00:00,144.7216729508018
2011-07-28 11:00:00,134.04959202707656
2011-07-28 12:00:00,182.86367166227456
2011-07-28 13:00:00,184.52604179302605
2011-07-28 14:00:00,156.8268329488804
2011-07-28 15:00:00,171.48120020023447
2011-07-28 16:00:00,257.01862604312606
2011-07-28 17:00:00,473.85430547479245
2011-07-28 18:00:00,543.1797154362407
2011-07-28 19:00:00,387.60709574249853
2011-07-28 20:00:00,314.2188384015297
2011-07-28 21:00:00,235.4300153404482
2011-07-28 22:00:00,179.71175109212186
2011-07-28 23:00:00,126.19130466881745
2011-07-29 00:00:00,56.92403684888819
2011-07-29 01:00:00,26.133650057227655
2011-07-29 02:00:00,14.901727184600384
2011-07-29 03:00:00,7.191993754482553
2011-07-29 04:00:00,5.768166847870667
2011-07-29 05:00:00,27.48036791983106
2011-07-29 06:00:00,98.92318925388345
2011-07-29 07:00:00,282.8055506727826
2011-07-29 08:00:00,480.4044505040503
2011-07-29 09:00:00,258.8413153560087
2011-07-29 10:00:00,138.84511357266476
2011-07-29 11:00:00,149.36129620870966
2011-07-29 12:00:00,184.76220684580272
2011-07-29 13:00:00,197.3993138896834
2011-07-29 14:00:00,167.58020059049136
2011-07-29 15:00:00,180.1756016377033
2011-07-29 16:00:00,269.3135470945384
2011-07-29 17:00:00,441.67023817940344
2011-07-29 18:00:00,431.78468586822964
2011-07-29 19:00:00,306.6891568100246
2011-07-29 20:00:00,273.76286603159264
2011-07-29 21:00:00,209.6565084987015
2011-07-29 22:00:00,188.4222738716891
2011-07-29 23:00:00,153.3463573788539
2011-07-30 00:00:00,116.05162098136172
2011-07-30 01:00:00,83.93903895003885
2011-07-30 02:00:00,74.11907346170526
2011-07-30 03:00:00,30.221563419987167
2011-07-30 04:00:00,9.426210876257747
2011-07-30 05:00:00,9.999872121827469
2011-07-30 06:00:00,22.9348756173384
2011-07-30 07:00:00,55.85978387984374
2011-07-30 08:00:00,107.90034734509234
2011-07-30 09:00:00,183.30745145730222
2011-07-30 10:00:00,301.6372253960446
2011-07-30 11:00:00,363.64490929764054
2011-07-30 12:00:00,437.24968600492366
2011-07-30 13:00:00,425.51998239219654
2011-07-30 14:00:00,366.4780795063154
2011-07-30 15:00:00,368.182879136774
2011-07-30 16:00:00,367.57422431776666
2011-07-30 17:00:00,332.0780012986304
2011-07-30 18:00:00,358.1727822364751
2011-07-30 19:00:00,305.464559417881
2011-07-30 20:00:00,243.45350828238622
2011-07-30 21:00:00,224.88575271992056
2011-07-30 22:00:00,176.70360611579133
2011-07-30 23:00:00,160.9080712187275
2011-07-31 00:00:00,132.15879569294958
2011-07-31 01:00:00,103.01390383130999
2011-07-31 02:00:00,89.64995232765436
2011-07-31 03:00:00,44.84777600204358
2011-07-31 04:00:00,9.69496215089288
2011-07-31 05:00:00,9.642847377821735
2011-07-31 06:00:00,14.835747545099395
2011-07-31 07:00:00,36.383824428526154
2011-07-31 08:00:00,77.05322340015654
2011-07-31 09:00:00,186.7738190816817
2011-07-31 10:00:00,292.8697728845874
2011-07-31 11:00:00,309.0525235120622
2011-07-31 12:00:00,428.53809444194826
2011-07-31 13:00:00,409.1121675670537
2011-07-31 14:00:00,391.7055657632618
2011-07-31 15:00:00,402.67010903061157
2011-07-31 16:00:00,396.8273181518881
2011-07-31 17:00:00,365.15528696688295
2011-07-31 18:00:00,299.23194450538665
2011-07-31 19:00:00,291.63852448211577
2011-07-31 20:00:00,208.53257530533435
2011-07-31 21:00:00,196.84933944077272
2011-07-31 22:00:00,134.80273818696364
2011-07-31 23:00:00,82.76702365583405
2011-08-20 00:00:00,85.47567963862535
2011-08-20 01:00:00,69.90444027158206
2011-08-20 02:00:00,62.57842829168683
2011-08-20 03:00:00,26.740775172286018
2011-08-20 04:00:00,6.597157360524849
2011-08-20 05:00:00,8.568497233804841
2011-08-20 06:00:00,18.487065666829157
2011-08-20 07:00:00,47.93200854843337
2011-08-20 08:00:00,99.46617738127246
2011-08-20 09:00:00,168.72118179159838
2011-08-20 10:00:00,263.3306627663911
2011-08-20 11:00:00,327.6880168704737
2011-08-20 12:00:00,399.82831260213663
2011-08-20 13:00:00,394.4551137842701
2011-08-20 14:00:00,396.3408854519119
2011-08-20 15:00:00,407.8516609752082
2011-08-20 16:00:00,401.64475857005704
2011-08-20 17:00:00,362.6547600535741
2011-08-20 18:00:00,331.7013656282959
2011-08-20 19:00:00,272.050034810043
2011-08-20 20:00:00,232.68872437590417
2011-08-20 21:00:00,184.60114678941906
2011-08-20 22:00:00,144.18966882123365
2011-08-20 23:00:00,144.06690039607642
2011-08-21 00:00:00,112.9448563707902
2011-08-21 01:00:00,87.2934448978131
2011-08-21 02:00:00,77.10044772102702
2011-08-21 03:00:00,38.48926098074781
2011-08-21 04:00:00,8.844898599453446
2011-08-21 05:00:00,6.913632421113652
2011-08-21 06:00:00,10.197321185649487
2011-08-21 07:00:00,32.16212166591793
2011-08-21 08:00:00,69.02434561772371
2011-08-21 09:00:00,162.97778346378615
2011-08-21 10:00:00,253.2755553878704
2011-08-21 11:00:00,233.2951924552204
2011-08-21 12:00:00,337.8252480450612
2011-08-21 13:00:00,371.27564980077767
2011-08-21 14:00:00,230.6539360660221
2011-08-21 15:00:00,312.8878957456942
2011-08-21 16:00:00,303.415295038275
2011-08-21 17:00:00,274.60721992461924
2011-08-21 18:00:00,265.19726151516176
2011-08-21 19:00:00,253.4035797148421
2011-08-21 20:00:00,161.5735546783115
2011-08-21 21:00:00,133.34490700490016
2011-08-21 22:00:00,86.25939449548252
2011-08-21 23:00:00,76.74690736103494
2011-08-22 00:00:00,32.11309300647934
2011-08-22 01:00:00,13.886363952728614
2011-08-22 02:00:00,7.618203970044489
2011-08-22 03:00:00,4.938873712153817
2011-08-22 04:00:00,5.925018213840401
2011-08-22 05:00:00,23.514203090584957
2011-08-22 06:00:00,90.65231981515328
2011-08-22 07:00:00,269.5094900769559
2011-08-22 08:00:00,403.30970779803516
2011-08-22 09:00:00,225.91775163571367
2011-08-22 10:00:00,136.49931204975832
2011-08-22 11:00:00,146.19740320608452
2011-08-22 12:00:00,183.4103836078083
2011-08-22 13:00:00,189.6447200590749
2011-08-22 14:00:00,175.1707425806875
2011-08-22 15:00:00,180.18459218682412
2011-08-22 16:00:00,273.96143727046666
2011-08-22 17:00:00,516.6153906557064
2011-08-22 18:00:00,588.0331093644979
2011-08-22 19:00:00,384.5227533379266
2011-08-22 20:00:00,263.18614246704203
2011-08-22 21:00:00,191.24468172853767
2011-08-22 22:00:00,144.46964444012454
2011-08-22 23:00:00,78.18924325949747
2011-08-23 00:00:00,30.55832519105622
2011-08-23 01:00:00,12.710322109197284
2011-08-23 02:00:00,7.761504262386195
2011-08-23 03:00:00,5.502043260535301
2011-08-23 04:00:00,6.0921836511064535
2011-08-23 05:00:00,26.314417337221073
2011-08-23 06:00:00,99.56512174279847
2011-08-23 07:00:00,305.0543963961194
2011-08-23 08:00:00,413.9370435087641
2011-08-23 09:00:00,213.25646923482475
2011-08-23 10:00:00,136.6289112588404
2011-08-23 11:00:00,145.4358707810191
2011-08-23 12:00:00,183.14187840033662
2011-08-23 13:00:00,179.0333421086136
2011-08-23 14:00:00,166.95782173397478
2011-08-23 15:00:00,179.32568121093473
2011-08-23 16:00:00,267.66090328269195
2011-08-23 17:00:00,574.8796098432593
2011-08-23 18:00:00,558.2412437042893
2011-08-23 19:00:00,415.61719786035843
2011-08-23 20:00:00,285.29232517528817
2011-08-23 21:00:00,218.91768955182602
2011-08-23 22:00:00,162.61919930143443
2011-08-23 23:00:00,86.7126414567506
2011-08-24 00:00:00,35.715131193910466
2011-08-24 01:00:00,15.222177108948792
2011-08-24 02:00:00,7.208494769268228
2011-08-24 03:00:00,5.974238056817945
2011-08-24 04:00:00,4.9766033724428675
2011-08-24 05:00:00,24.005249911660997
2011-08-24 06:00:00,101.6571793626686
2011-08-24 07:00:00,319.05544354790123
2011-08-24 08:00:00,451.41889050779906
2011-08-24 09:00:00,214.91083759071375
2011-08-24 10:00:00,136.3150450499103
2011-08-24 11:00:00,143.59205215824318
2011-08-24 12:00:00,177.66088039905628
2011-08-24 13:00:00,178.19980546823675
2011-08-24 14:00:00,168.35430265673835
2011-08-24 15:00:00,180.7226677465936
2011-08-24 16:00:00,262.56529462914415
2011-08-24 17:00:00,492.4643616050489
2011-08-24 18:00:00,557.4552788935521
2011-08-24 19:00:00,394.9073282452691
2011-08-24 20:00:00,293.9063885180814
2011-08-24 21:00:00,213.68922932792614
2011-08-24 22:00:00,161.8717975042108
2011-08-24 23:00:00,99.66900481200362
2011-08-25 00:00:00,38.36365207221432
2011-08-25 01:00:00,16.14451430734162
2011-08-25 02:00:00,9.577297789526122
2011-08-25 03:00:00,6.483503623217473
2011-08-25 04:00:00,5.66253870827621
2011-08-25 05:00:00,27.167437615545683
2011-08-25 06:00:00,102.59751274873082
2011-08-25 07:00:00,280.7694342952534
2011-08-25 08:00:00,419.1793629238258
2011-08-25 09:00:00,204.58481388960757
2011-08-25 10:00:00,122.3770451374633
2011-08-25 11:00:00,78.09023097379425
2011-08-25 12:00:00,111.71532815941774
2011-08-25 13:00:00,159.36953795872125
2011-08-25 14:00:00,151.36096559934083
2011-08-25 15:00:00,159.90307481437114
2011-08-25 16:00:00,225.0254942732945
2011-08-25 17:00:00,419.0833228187272
2011-08-25 18:00:00,446.16695089623545
2011-08-25 19:00:00,360.62744314024803
2011-08-25 20:00:00,277.0198583480002
2011-08-25 21:00:00,216.69580176759803
2011-08-25 22:00:00,141.4187095586813
2011-08-25 23:00:00,97.60911913360147
2011-08-26 00:00:00,50.64797536162419
2011-08-26 01:00:00,23.319556748384407
2011-08-26 02:00:00,11.664819424613158
2011-08-26 03:00:00,5.606250946803212
2011-08-26 04:00:00,4.617040290991364
2011-08-26 05:00:00,20.0472349982787
2011-08-26 06:00:00,74.97071048090666
2011-08-26 07:00:00,260.66388674193104
2011-08-26 08:00:00,433.5506261881333
2011-08-26 09:00:00,259.3920769368326
2011-08-26 10:00:00,156.02409417767115
2011-08-26 11:00:00,160.02130541313932
2011-08-26 12:00:00,199.47942142892217
2011-08-26 13:00:00,198.61656588283472
2011-08-26 14:00:00,193.58571260515492
2011-08-26 15:00:00,188.4545482570454
2011-08-26 16:00:00,309.3569541719778
2011-08-26 17:00:00,485.58366944561493
2011-08-26 18:00:00,452.80346115998185
2011-08-26 19:00:00,296.7913413140603
2011-08-26 20:00:00,217.9635859959245
2011-08-26 21:00:00,165.983735447252
2011-08-26 22:00:00,148.03730833786207
2011-08-26 23:00:00,121.60024136980749
2011-08-27 00:00:00,95.42427074852513
2011-08-27 01:00:00,70.86183141022897
2011-08-27 02:00:00,60.486248563727976
2011-08-27 03:00:00,24.25427846358249
2011-08-27 04:00:00,7.579213534894494
2011-08-27 05:00:00,8.043335812583123
2011-08-27 06:00:00,18.585752164929847
2011-08-27 07:00:00,45.00648496123353
2011-08-27 08:00:00,91.10272606676197
2011-08-27 09:00:00,148.82400019206236
2011-08-27 10:00:00,230.55339494183377
2011-08-27 11:00:00,107.20744611114726
2011-08-27 12:00:00,188.5420074994926
2011-08-27 13:00:00,193.41821914882806
2011-08-27 14:00:00,130.8577613572043
2011-08-27 15:00:00,134.72810950118097
2011-08-27 16:00:00,135.18400934753643
2011-08-27 17:00:00,120.13998456259996
2011-08-28 07:00:00,19.772216304616936
2011-08-28 08:00:00,41.449013880175194
2011-08-28 09:00:00,162.30183549796817
2011-08-28 10:00:00,253.91456732188905
2011-08-28 11:00:00,284.7713666114742
2011-08-28 12:00:00,399.29757423442265
2011-08-28 13:00:00,387.8505269077209
2011-08-28 14:00:00,367.2511317381327
2011-08-28 15:00:00,381.45361506376867
2011-08-28 16:00:00,388.42468355370937
2011-08-28 17:00:00,348.8581570549777
2011-08-28 18:00:00,325.8107480746202
2011-08-28 19:00:00,270.70885266652107
2011-08-28 20:00:00,187.0465717948759
2011-08-28 21:00:00,157.67581382768145
2011-08-28 22:00:00,120.876997917325
2011-08-28 23:00:00,76.57913232285263
2011-08-29 00:00:00,32.902203775104155
2011-08-29 01:00:00,14.127578837043188
2011-08-29 02:00:00,9.690989994824452
2011-08-29 03:00:00,5.825507822365584
2011-08-29 04:00:00,6.080415074155692
2011-08-29 05:00:00,23.485015424356114
2011-08-29 06:00:00,92.58793262522481
2011-08-29 07:00:00,263.1677097376478
2011-08-29 08:00:00,379.3557689508832
2011-08-29 09:00:00,228.53844583975135
2011-08-29 10:00:00,135.33413377459274
2011-08-29 11:00:00,144.98494288268114
2011-08-29 12:00:00,168.12272392736054
2011-08-29 13:00:00,178.5382995183283
2011-08-29 14:00:00,176.19659637850773
2011-08-29 15:00:00,184.30890928389115
2011-08-29 16:00:00,278.9974288608452
2011-08-29 17:00:00,484.0788839206645
2011-08-29 18:00:00,594.8818347783964
2011-08-29 19:00:00,379.26478380666913
2011-08-29 20:00:00,273.69309686147096
2011-08-29 21:00:00,197.6382542079415
2011-08-29 22:00:00,151.75746749680218
2011-08-29 23:00:00,80.89790125291057
2011-08-30 00:00:00,28.687909506348678
2011-08-30 01:00:00,11.858078441187759
2011-08-30 02:00:00,7.291457909315236
2011-08-30 03:00:00,5.133198741159289
2011-08-30 04:00:00,4.799174992552254
2011-08-30 05:00:00,20.943435183192133
2011-08-30 06:00:00,100.04954524396449
2011-08-30 07:00:00,303.66867538389255
2011-08-30 08:00:00,426.8062356275337
2011-08-30 09:00:00,223.9586184914973
2011-08-30 10:00:00,137.02774520847026
2011-08-30 11:00:00,145.29179583609064
2011-08-30 12:00:00,180.0114066097045
2011-08-30 13:00:00,178.11377598146217
2011-08-30 14:00:00,167.50600201121523
2011-08-30 15:00:00,177.12317959942615
2011-08-30 16:00:00,267.26509374040955
2011-08-30 17:00:00,579.515797851
2011-08-30 18:00:00,570.8967893068918
2011-08-30 19:00:00,412.20033996869563
2011-08-30 20:00:00,287.8930717185708
2011-08-30 21:00:00,208.80265493098608
2011-08-30 22:00:00,155.22565771154498
2011-08-30 23:00:00,85.3836311413432
2011-08-31 00:00:00,33.56362089731248
2011-08-31 01:00:00,14.15430014785188
2011-08-31 02:00:00,7.06329303658465
2011-08-31 03:00:00,6.054552762436934
2011-08-31 04:00:00,4.94447941187912
2011-08-31 05:00:00,23.459562379696614
2011-08-31 06:00:00,102.35418543079483
2011-08-31 07:00:00,311.65353954521925
2011-08-31 08:00:00,448.2509652482738
2011-08-31 09:00:00,216.06481644466382
2011-08-31 10:00:00,136.9487845398925
2011-08-31 11:00:00,149.77016446440777
2011-08-31 12:00:00,183.24085566312854
2011-08-31 13:00:00,180.76693984551855
2011-08-31 14:00:00,169.75120316159837
2011-08-31 15:00:00,179.2826045740801
2011-08-31 16:00:00,269.65320232911927
2011-08-31 17:00:00,503.6288769050088
2011-08-31 18:00:00,564.2917601483305
2011-08-31 19:00:00,393.0460674601547
2011-08-31 20:00:00,288.58733448754964
2011-08-31 21:00:00,210.44768229218855
2011-08-31 22:00:00,157.02764527652485
2011-08-31 23:00:00,97.07650780636556
2011-09-20 00:00:00,25.550941684815463
2011-09-20 01:00:00,8.865603851834168
2011-09-20 02:00:00,4.719940312309056
2011-09-20 03:00:00,4.6331120052224914
2011-09-20 04:00:00,4.5809248102385025
2011-09-20 05:00:00,19.1915026152621
2011-09-20 06:00:00,83.22071880885693
2011-09-20 07:00:00,239.50487657791885
2011-09-20 08:00:00,140.85178732472752
2011-09-20 09:00:00,69.32832102159695
2011-09-20 10:00:00,47.9386445219939
2011-09-20 11:00:00,48.1350164596266
2011-09-20 12:00:00,91.15200965492842
2011-09-20 13:00:00,95.06796333331012
2011-09-20 14:00:00,105.55778456859461
2011-09-20 15:00:00,152.5278558738887
2011-09-20 16:00:00,200.83779629324363
2011-09-20 17:00:00,447.3546273147534
2011-09-20 18:00:00,456.33750139677574
2011-09-20 19:00:00,300.5289091911328
2011-09-20 20:00:00,172.7293373156166
2011-09-20 21:00:00,129.51101834875317
2011-09-20 22:00:00,96.608644011839
2011-09-20 23:00:00,55.10382674993825
2011-09-21 00:00:00,22.755428538109417
2011-09-21 01:00:00,9.362734649816574
2011-09-21 02:00:00,4.1268453985419695
2011-09-21 03:00:00,3.6116927353616246
2011-09-21 04:00:00,2.8921333152765376
2011-09-21 05:00:00,14.571092411668024
2011-09-21 06:00:00,64.9725880044931
2011-09-21 07:00:00,195.1491078814702
2011-09-21 08:00:00,294.6488524310876
2011-09-21 09:00:00,129.17092066988977
2011-09-21 10:00:00,102.22587895595868
2011-09-21 11:00:00,105.4100840242923
2011-09-21 12:00:00,159.1295388654581
2011-09-21 13:00:00,154.10852460555486
2011-09-21 14:00:00,146.232669277402
2011-09-21 15:00:00,155.48727706149276
2011-09-21 16:00:00,235.82972187767754
2011-09-21 17:00:00,248.57143874708393
2011-09-21 18:00:00,236.23243779063148
2011-09-21 19:00:00,119.90622517858685
2011-09-21 20:00:00,88.2206927539357
2011-09-21 21:00:00,103.97401603009041
2011-09-21 22:00:00,91.37061829107998
2011-09-21 23:00:00,60.876732957689775
2011-09-22 00:00:00,26.214973377005357
2011-09-22 01:00:00,10.028795473082342
2011-09-22 02:00:00,5.451733365285304
2011-09-22 03:00:00,3.9195028080837933
2011-09-22 04:00:00,3.4570840267895067
2011-09-22 05:00:00,17.872266912285845
2011-09-22 06:00:00,73.5862082326434
2011-09-22 07:00:00,213.38851119535676
2011-09-22 08:00:00,299.2957135234346
2011-09-22 09:00:00,125.52219311995529
2011-09-22 10:00:00,97.67490015706751
2011-09-22 11:00:00,90.42823253242643
2011-09-22 12:00:00,146.2537531519374
2011-09-22 13:00:00,148.6929122488478
2011-09-22 14:00:00,131.10306163289047
2011-09-22 15:00:00,136.76863336563721
2011-09-22 16:00:00,236.4042183329639
2011-09-22 17:00:00,437.4295338695684
2011-09-22 18:00:00,438.69705399955745
2011-09-22 19:00:00,280.8436322513392
2011-09-22 20:00:00,163.87591686692699
2011-09-22 21:00:00,150.4082294086264
2011-09-22 22:00:00,92.26770930448214
2011-09-22 23:00:00,65.95672700122401
2011-09-23 00:00:00,44.66129236135683
2011-09-23 01:00:00,23.429903676322933
2011-09-23 02:00:00,10.214921342676165
2011-09-23 03:00:00,5.964417105735333
2011-09-23 04:00:00,3.725288676098434
2011-09-23 05:00:00,23.75130132766423
2011-09-23 06:00:00,86.18025446090799
2011-09-23 07:00:00,158.3238049046139
2011-09-23 08:00:00,256.16032886685736
2011-09-23 09:00:00,151.0472952708021
2011-09-23 10:00:00,80.83387718563975
2011-09-23 11:00:00,83.48584194850622
2011-09-23 12:00:00,106.8532229052459
2011-09-23 13:00:00,111.27252276536939
2011-09-23 14:00:00,105.49047144135163
2011-09-23 15:00:00,107.98434378397465
2011-09-23 16:00:00,163.13944624534994
2011-09-23 17:00:00,417.07189374444573
2011-09-23 18:00:00,363.0384349852073
2011-09-23 19:00:00,262.9801346661322
2011-09-23 20:00:00,194.3717955031719
2011-09-23 21:00:00,142.37574545671262
2011-09-23 22:00:00,121.62650371908579
2011-09-23 23:00:00,99.83602339704089
2011-09-24 00:00:00,98.1392503261725
2011-09-24 01:00:00,66.84229737643427
2011-09-24 02:00:00,46.321974144818434
2011-09-24 03:00:00,24.91435015346257
2011-09-24 04:00:00,8.23518435926625
2011-09-24 05:00:00,8.237399989031823
2011-09-24 06:00:00,19.878203898400454
2011-09-24 07:00:00,49.35137428961085
2011-09-24 08:00:00,100.06222602408246
2011-09-24 09:00:00,165.67998291371683
2011-09-24 10:00:00,253.0943783363669
2011-09-24 11:00:00,286.89263670256844
2011-09-24 12:00:00,344.68491922004756
2011-09-24 13:00:00,427.0931766495565
2011-09-24 14:00:00,370.2542346826036
2011-09-24 15:00:00,386.0687396174662
2011-09-24 16:00:00,392.8561024987403
2011-09-24 17:00:00,371.19535768625747
2011-09-24 18:00:00,306.02407591251057
2011-09-24 19:00:00,219.33275919356933
2011-09-24 20:00:00,197.5907976043536
2011-09-24 21:00:00,158.83425775963224
2011-09-24 22:00:00,117.52537861125079
2011-09-24 23:00:00,111.15125086666708
2011-09-25 00:00:00,107.31735254019293
2011-09-25 01:00:00,89.46176877506018
2011-09-25 02:00:00,42.67721355006852
2011-09-25 03:00:00,17.189644513984614
2011-09-25 04:00:00,4.936935077892786
2011-09-25 05:00:00,9.45188913365986
2011-09-25 06:00:00,13.990392131692497
2011-09-25 07:00:00,21.5211160110464
2011-09-25 08:00:00,64.34253170347054
2011-09-25 09:00:00,148.69875278394565
2011-09-25 10:00:00,227.76481443102332
2011-09-25 11:00:00,297.6518710710337
2011-09-25 12:00:00,358.7084567456572
2011-09-25 13:00:00,324.10090720156325
2011-09-25 14:00:00,320.022293399301
2011-09-25 15:00:00,327.8203169309219
2011-09-25 16:00:00,393.0871901399639
2011-09-25 17:00:00,348.1751223873912
2011-09-25 18:00:00,291.30184984994236
2011-09-25 19:00:00,222.1767858989877
2011-09-25 20:00:00,157.782196599557
2011-09-25 21:00:00,120.44882940259579
2011-09-25 22:00:00,100.89582059142461
2011-09-25 23:00:00,49.74075580126684
2011-09-26 00:00:00,27.186661063189224
2011-09-26 01:00:00,12.279148469996011
2011-09-26 02:00:00,6.172833455298081
2011-09-26 03:00:00,4.292243331039454
2011-09-26 04:00:00,4.829115445145212
2011-09-26 05:00:00,24.224607950096146
2011-09-26 06:00:00,96.83750802374831
2011-09-26 07:00:00,278.81242236843275
2011-09-26 08:00:00,408.54387074309335
2011-09-26 09:00:00,211.1970018737281
2011-09-26 10:00:00,122.62973904481922
2011-09-26 11:00:00,131.51878654013845
2011-09-26 12:00:00,159.71459299265572
2011-09-26 13:00:00,184.60055201342757
2011-09-26 14:00:00,182.49322441987943
2011-09-26 15:00:00,194.25208002716965
2011-09-26 16:00:00,293.09701355076817
2011-09-26 17:00:00,526.3674485676532
2011-09-26 18:00:00,474.11099012328015
2011-09-26 19:00:00,308.68209015973946
2011-09-26 20:00:00,216.93624805923685
2011-09-26 21:00:00,151.93596843808731
2011-09-26 22:00:00,112.66331915670304
2011-09-26 23:00:00,63.832303372733605
2011-09-27 00:00:00,28.905570981309747
2011-09-27 01:00:00,11.308544069352441
2011-09-27 02:00:00,5.691297086443645
2011-09-27 03:00:00,4.501586497001007
2011-09-27 04:00:00,4.681031024946129
2011-09-27 05:00:00,18.68777609692803
2011-09-27 06:00:00,102.77275060977311
2011-09-27 07:00:00,291.92815328747474
2011-09-27 08:00:00,441.09050149041275
2011-09-27 09:00:00,112.99531234936502
2011-09-27 10:00:00,52.762985494353494
2011-09-27 11:00:00,116.59408199352416
2011-09-27 12:00:00,142.41445466994216
2011-09-27 13:00:00,169.01008438238193
2011-09-27 14:00:00,139.87027022592534
2011-09-27 15:00:00,150.6144803683294
2011-09-27 16:00:00,228.8511486904038
2011-09-27 17:00:00,429.30634053572567
2011-09-27 18:00:00,348.0242060500632
2011-09-27 19:00:00,296.09683471935836
2011-09-27 20:00:00,261.87301018711094
2011-09-27 21:00:00,174.81855466038283
2011-09-27 22:00:00,123.29961962793428
2011-09-27 23:00:00,72.0657623552729
2011-09-28 00:00:00,35.06305167359952
2011-09-28 01:00:00,14.78338189428683
2011-09-28 02:00:00,5.311384030530372
2011-09-28 03:00:00,5.285314045815919
2011-09-28 04:00:00,5.413948464744083
2011-09-28 05:00:00,22.27753760839292
2011-09-28 06:00:00,43.618566938827755
2011-09-28 07:00:00,132.84587588834796
2011-09-28 08:00:00,188.14555353406814
2011-09-28 09:00:00,94.84521783897145
2011-09-28 10:00:00,114.36463673702026
2011-09-28 11:00:00,120.65926844279328
2011-09-28 12:00:00,153.07373855664667
2011-09-28 13:00:00,185.18806619711697
2011-09-28 14:00:00,179.30764963622306
2011-09-28 15:00:00,184.88640326039248
2011-09-28 16:00:00,280.5643265190952
2011-09-28 17:00:00,512.181821246502
2011-09-28 18:00:00,250.57840353616342
2011-09-28 19:00:00,177.77535095932845
2011-09-28 20:00:00,120.25502387209951
2011-09-28 21:00:00,74.25132175572445
2011-09-28 22:00:00,126.8927014802855
2011-09-28 23:00:00,75.8681366870253
2011-09-29 00:00:00,35.77656204911557
2011-09-29 01:00:00,14.3292754140936
2011-09-29 02:00:00,6.832951940977599
2011-09-29 03:00:00,5.09720090940671
2011-09-29 04:00:00,5.230194383845038
2011-09-29 05:00:00,27.332601404178977
2011-09-29 06:00:00,107.85589907507507
2011-09-29 07:00:00,330.56117890994636
2011-09-29 08:00:00,497.35733442405945
2011-09-29 09:00:00,246.14294999543785
2011-09-29 10:00:00,143.36303132067127
2011-09-29 11:00:00,154.76647351102963
2011-09-29 12:00:00,209.75272804592083
2011-09-29 13:00:00,209.38935407009936
2011-09-29 14:00:00,179.3707102935183
2011-09-29 15:00:00,194.79445479486276
2011-09-29 16:00:00,289.908982630374
2011-09-29 17:00:00,549.3810730092688
2011-09-29 18:00:00,552.1942916135876
2011-09-29 19:00:00,380.07295733913276
2011-09-29 20:00:00,284.5072944998988
2011-09-29 21:00:00,213.41775574284637
2011-09-29 22:00:00,155.41228020478312
2011-09-29 23:00:00,111.70599821307542
2011-09-30 00:00:00,58.396383486687
2011-09-30 01:00:00,27.694581681392755
2011-09-30 02:00:00,12.037468457668057
2011-09-30 03:00:00,7.115316777899396
2011-09-30 04:00:00,5.174882193711291
2011-09-30 05:00:00,28.99366746290084
2011-09-30 06:00:00,100.69076427165321
2011-09-30 07:00:00,315.5616781237201
2011-09-30 08:00:00,508.334873517886
2011-09-30 09:00:00,284.78684182110476
2011-09-30 10:00:00,173.76857994298513
2011-09-30 11:00:00,191.3790589837039
2011-09-30 12:00:00,220.67543533824127
2011-09-30 13:00:00,212.7126993438386
2011-09-30 14:00:00,199.2602891044864
2011-09-30 15:00:00,221.55694181940538
2011-09-30 16:00:00,352.79136587664124
2011-09-30 17:00:00,575.4896586396437
2011-09-30 18:00:00,466.6734976031757
2011-09-30 19:00:00,326.44180704761527
2011-09-30 20:00:00,240.1389576906657
2011-09-30 21:00:00,197.1758187060224
2011-09-30 22:00:00,167.1224849983872
2011-09-30 23:00:00,128.46553027199334
2011-10-20 00:00:00,35.04289812139303
2011-10-20 01:00:00,15.124235747966129
2011-10-20 02:00:00,6.540243325636656
2011-10-20 03:00:00,5.218732292649432
2011-10-20 04:00:00,5.1831035291956
2011-10-20 05:00:00,25.161095619468423
2011-10-20 06:00:00,96.48892662651406
2011-10-20 07:00:00,293.55116887378574
2011-10-20 08:00:00,519.3210066140887
2011-10-20 09:00:00,239.9660504546673
2011-10-20 10:00:00,126.69831975184638
2011-10-20 11:00:00,136.03101128583427
2011-10-20 12:00:00,191.7722103647579
2011-10-20 13:00:00,185.51095596998516
2011-10-20 14:00:00,152.39641724441404
2011-10-20 15:00:00,157.41383451755001
2011-10-20 16:00:00,237.22842154486668
2011-10-20 17:00:00,450.6483682685166
2011-10-20 18:00:00,428.18015396056234
2011-10-20 19:00:00,326.737301813962
2011-10-20 20:00:00,227.418571507276
2011-10-20 21:00:00,182.3572036814624
2011-10-20 22:00:00,138.90769580381507
2011-10-20 23:00:00,94.5437116237022
2011-10-21 00:00:00,45.19925310437575
2011-10-21 01:00:00,22.31889586588021
2011-10-21 02:00:00,8.6462781980511
2011-10-21 03:00:00,4.777040575032015
2011-10-21 04:00:00,4.749135353039198
2011-10-21 05:00:00,20.725647939012624
2011-10-21 06:00:00,73.05560979644714
2011-10-21 07:00:00,224.00630579989596
2011-10-21 08:00:00,512.4666884112964
2011-10-21 09:00:00,294.5715688141491
2011-10-21 10:00:00,160.65803425526363
2011-10-21 11:00:00,179.854641130196
2011-10-21 12:00:00,210.53127159193556
2011-10-21 13:00:00,206.98198513659173
2011-10-21 14:00:00,194.50345865368053
2011-10-21 15:00:00,201.9868464101885
2011-10-21 16:00:00,327.2422569538161
2011-10-21 17:00:00,480.66522294272585
2011-10-21 18:00:00,401.8284365159597
2011-10-21 19:00:00,276.77981038518527
2011-10-21 20:00:00,211.66922982915696
2011-10-21 21:00:00,170.65956662693767
2011-10-21 22:00:00,152.63889927615864
2011-10-21 23:00:00,104.44177817010166
2011-10-22 00:00:00,84.61209094106717
2011-10-22 01:00:00,65.99922232261483
2011-10-22 02:00:00,42.210370901679326
2011-10-22 03:00:00,21.854566796370907
2011-10-22 04:00:00,7.524225695684425
2011-10-22 05:00:00,7.729804367223517
2011-10-22 06:00:00,19.035232542711178
2011-10-22 07:00:00,39.95551729512781
2011-10-22 08:00:00,103.88180755079765
2011-10-22 09:00:00,191.36308819078812
2011-10-22 10:00:00,234.21042520866354
2011-10-22 11:00:00,296.86974859978415
2011-10-22 12:00:00,400.537304682637
2011-10-22 13:00:00,402.84139001828424
2011-10-22 14:00:00,361.8260478111444
2011-10-22 15:00:00,400.29335384732224
2011-10-22 16:00:00,401.6128917666428
2011-10-22 17:00:00,357.0061668822034
2011-10-22 18:00:00,267.9457754227902
2011-10-22 19:00:00,219.17951263798543
2011-10-22 20:00:00,187.77658821132502
2011-10-22 21:00:00,136.9678290257474
2011-10-22 22:00:00,112.17985870974816
2011-10-22 23:00:00,94.16966982775156
2011-10-23 00:00:00,85.83974236597929
2011-10-23 01:00:00,72.1617229131422
2011-10-23 02:00:00,42.34649218559896
2011-10-23 03:00:00,28.193416074287214
2011-10-23 04:00:00,8.53384276358847
2011-10-23 05:00:00,5.99725932487768
2011-10-23 06:00:00,10.067227954957641
2011-10-23 07:00:00,25.72066221912371
2011-10-23 08:00:00,63.31396721025746
2011-10-23 09:00:00,141.44837690456384
2011-10-23 10:00:00,243.21479158559515
2011-10-23 11:00:00,263.7574996732754
2011-10-23 12:00:00,398.66412198793853
2011-10-23 13:00:00,379.9956665428086
2011-10-23 14:00:00,357.5033683540353
2011-10-23 15:00:00,370.9713281313425
2011-10-23 16:00:00,368.99787603227577
2011-10-23 17:00:00,329.04631450239003
2011-10-23 18:00:00,265.1355794804714
2011-10-23 19:00:00,215.60704194189807
2011-10-23 20:00:00,149.7334814099693
2011-10-23 21:00:00,126.66267688293448
2011-10-23 22:00:00,98.3903346733836
2011-10-23 23:00:00,62.834518398967276
2011-10-24 00:00:00,31.398091237045563
2011-10-24 01:00:00,10.417981761822046
2011-10-24 02:00:00,4.656130440161785
2011-10-24 03:00:00,3.668543253353258
2011-10-24 04:00:00,4.6034163077224015
2011-10-24 05:00:00,19.71687471305755
2011-10-24 06:00:00,88.64305808069598
2011-10-24 07:00:00,220.12681434930158
2011-10-24 08:00:00,412.1062386853928
2011-10-24 09:00:00,229.3533520351345
2011-10-24 10:00:00,121.96039450972879
2011-10-24 11:00:00,132.23665293839522
2011-10-24 12:00:00,160.72793783069727
2011-10-24 13:00:00,194.53692000990287
2011-10-24 14:00:00,182.93810189426296
2011-10-24 15:00:00,208.02127133150665
2011-10-24 16:00:00,311.70877773183986
2011-10-24 17:00:00,472.09382328371646
2011-10-24 18:00:00,588.01242910264
2011-10-24 19:00:00,204.650320045078
2011-10-24 20:00:00,202.8240252190723
2011-10-24 21:00:00,137.06594126677757
2011-10-24 22:00:00,121.08385685361526
2011-10-24 23:00:00,69.01353871851451
2011-10-25 00:00:00,27.041109278208193
2011-10-25 01:00:00,11.155398009703049
2011-10-25 02:00:00,4.697743810666761
2011-10-25 03:00:00,3.656286078007585
2011-10-25 04:00:00,4.7206581812084085
2011-10-25 05:00:00,20.552696878340196
2011-10-25 06:00:00,97.95218541338062
2011-10-25 07:00:00,272.6966213680499
2011-10-25 08:00:00,540.2705443262907
2011-10-25 09:00:00,264.9913079636349
2011-10-25 10:00:00,134.37398769808243
2011-10-25 11:00:00,136.26642979603622
2011-10-25 12:00:00,199.63227311991574
2011-10-25 13:00:00,192.87098676481895
2011-10-25 14:00:00,197.2679268148053
2011-10-25 15:00:00,206.23137898189466
2011-10-25 16:00:00,309.18295851532906
2011-10-25 17:00:00,654.6139524962786
2011-10-25 18:00:00,477.3423171899453
2011-10-25 19:00:00,336.45410954899836
2011-10-25 20:00:00,240.5831158928031
2011-10-25 21:00:00,175.8366429752782
2011-10-25 22:00:00,133.9619236957523
2011-10-25 23:00:00,74.58473276381822
2011-10-26 00:00:00,33.13597323405389
2011-10-26 01:00:00,14.589872153314937
2011-10-26 02:00:00,5.124152991915469
2011-10-26 03:00:00,5.542613422513271
2011-10-26 04:00:00,5.022100133607025
2011-10-26 05:00:00,23.93832519840989
2011-10-26 06:00:00,102.47698813036945
2011-10-26 07:00:00,316.49993834990636
2011-10-26 08:00:00,536.6872665354447
2011-10-26 09:00:00,241.35396337995437
2011-10-26 10:00:00,120.61031476601859
2011-10-26 11:00:00,137.07688262496467
2011-10-26 12:00:00,106.44880960676056
2011-10-26 13:00:00,107.74547025830812
2011-10-26 14:00:00,145.00328255852781
2011-10-26 15:00:00,153.9538462945384
2011-10-26 16:00:00,234.98005719772507
2011-10-26 17:00:00,432.1301810909647
2011-10-26 18:00:00,457.6373857223874
2011-10-26 19:00:00,285.6083218425186
2011-10-26 20:00:00,202.5617883957684
2011-10-26 21:00:00,170.10105899312592
2011-10-26 22:00:00,106.45759166175976
2011-10-26 23:00:00,66.23051579949643
2011-10-27 00:00:00,34.832373039942134
2011-10-27 01:00:00,14.310969900907644
2011-10-27 02:00:00,6.572674956656713
2011-10-27 03:00:00,3.39920141604144
2011-10-27 04:00:00,4.49648078633957
2011-10-27 05:00:00,18.667103354097634
2011-10-27 06:00:00,64.42566327399024
2011-10-27 07:00:00,257.36472678651086
2011-10-27 08:00:00,347.53891163948066
2011-10-27 09:00:00,227.0716597357791
2011-10-27 10:00:00,73.90913469661717
2011-10-27 11:00:00,66.73386318345989
2011-10-27 12:00:00,93.59366387796166
2011-10-27 13:00:00,133.681939426269
2011-10-27 14:00:00,134.2839957888537
2011-10-27 15:00:00,139.07252607994135
2011-10-27 16:00:00,275.3770756855756
2011-10-27 17:00:00,416.8733698384831
2011-10-27 18:00:00,415.40008171572305
2011-10-27 19:00:00,294.45227938633013
2011-10-27 20:00:00,231.17495766973073
2011-10-27 21:00:00,158.93544009918014
2011-10-27 22:00:00,109.28524661604332
2011-10-27 23:00:00,73.34449121078927
2011-10-28 00:00:00,40.83193450682883
2011-10-28 01:00:00,20.130625379924812
2011-10-28 02:00:00,7.582649728536667
2011-10-28 03:00:00,3.9026788305244517
2011-10-28 04:00:00,4.094964786348834
2011-10-28 05:00:00,18.899148640040234
2011-10-28 06:00:00,71.39456560303864
2011-10-28 07:00:00,214.81515731340372
2011-10-28 08:00:00,445.73004319740215
2011-10-28 09:00:00,279.59618103634006
2011-10-28 10:00:00,135.12250363441817
2011-10-28 11:00:00,157.21509876896374
2011-10-28 12:00:00,185.82689987170647
2011-10-28 13:00:00,184.43006293774908
2011-10-28 14:00:00,160.96527736493113
2011-10-28 15:00:00,168.89655414769
2011-10-28 16:00:00,253.73689847498528
2011-10-28 17:00:00,408.70386993088647
2011-10-28 18:00:00,348.5058032546432
2011-10-28 19:00:00,245.93205046708852
2011-10-28 20:00:00,135.98546226007997
2011-10-28 21:00:00,95.981114011736
2011-10-28 22:00:00,72.491386170723
2011-10-28 23:00:00,51.38333181798032
2011-10-29 00:00:00,41.12568989864049
2011-10-29 01:00:00,31.93563238043835
2011-10-29 02:00:00,31.243567760345577
2011-10-29 03:00:00,9.858443105900632
2011-10-29 04:00:00,4.927318661474113
2011-10-29 05:00:00,3.1136668277820823
2011-10-29 06:00:00,6.406118934310936
2011-10-29 07:00:00,15.675166629487169
2011-10-29 08:00:00,42.576745184555044
2011-10-29 09:00:00,75.61117624337568
2011-10-29 10:00:00,76.02407567510642
2011-10-29 11:00:00,95.84917820804836
2011-10-29 12:00:00,112.48259808768813
2011-10-29 13:00:00,114.49810121957631
2011-10-29 14:00:00,109.93781552819736
2011-10-29 15:00:00,120.18406060594664
2011-10-29 16:00:00,107.45666358737154
2011-10-29 17:00:00,98.43707876866605
2011-10-29 18:00:00,93.33143729275977
2011-10-29 19:00:00,104.26896442607205
2011-10-29 20:00:00,89.89492231760765
2011-10-29 21:00:00,74.30230674780591
2011-10-29 22:00:00,66.09218585609308
2011-10-29 23:00:00,61.55039882042639
2011-10-30 00:00:00,58.34389115864143
2011-10-30 01:00:00,50.12802995456773
2011-10-30 02:00:00,33.12601394846347
2011-10-30 03:00:00,20.96401429370658
2011-10-30 04:00:00,6.277076284916424
2011-10-30 05:00:00,4.675856891160368
2011-10-30 06:00:00,7.8854373357982155
2011-10-30 07:00:00,24.199514595200494
2011-10-30 08:00:00,51.387603577057945
2011-10-30 09:00:00,128.38578879103008
2011-10-30 10:00:00,173.6346501087618
2011-10-30 11:00:00,238.82448141313202
2011-10-30 12:00:00,301.37721674713254
2011-10-30 13:00:00,293.69765127920874
2011-10-30 14:00:00,345.55030285035866
2011-10-30 15:00:00,357.8117208907731
2011-10-30 16:00:00,360.1061565558899
2011-10-30 17:00:00,256.1328844851809
2011-10-30 18:00:00,181.61677523255648
2011-10-30 19:00:00,254.70980998034494
2011-10-30 20:00:00,118.4990576580051
2011-10-30 21:00:00,90.01670098999723
2011-10-30 22:00:00,69.08863364876578
2011-10-30 23:00:00,37.451754849028376
2011-10-31 00:00:00,21.550744000368883
2011-10-31 01:00:00,9.58909425015724
2011-10-31 02:00:00,3.8319532377087953
2011-10-31 03:00:00,2.667062247644197
2011-10-31 04:00:00,3.8156573408680012
2011-10-31 05:00:00,15.53092058724581
2011-10-31 06:00:00,74.99957550385983
2011-10-31 07:00:00,198.2875188227831
2011-10-31 08:00:00,417.0355244711154
2011-10-31 09:00:00,210.8826309426321
2011-10-31 10:00:00,103.11942530612154
2011-10-31 11:00:00,136.7657492254347
2011-10-31 12:00:00,176.752570638032
2011-10-31 13:00:00,172.61151600040276
2011-10-31 14:00:00,158.8153971479649
2011-10-31 15:00:00,174.83164953805954
2011-10-31 16:00:00,260.00137702944244
2011-10-31 17:00:00,488.68794228325186
2011-10-31 18:00:00,424.7256780922552
2011-10-31 19:00:00,272.4702898369955
2011-10-31 20:00:00,199.2982089654803
2011-10-31 21:00:00,126.32902446250692
2011-10-31 22:00:00,93.14713732135544
2011-10-31 23:00:00,53.456313553795844
2011-11-20 00:00:00,87.30485404700991
2011-11-20 01:00:00,74.68185957056785
2011-11-20 02:00:00,48.948077616863
2011-11-20 03:00:00,28.45523077025506
2011-11-20 04:00:00,7.208432504932155
2011-11-20 05:00:00,7.052796113471272
2011-11-20 06:00:00,15.968488206578186
2011-11-20 07:00:00,43.00790894438315
2011-11-20 08:00:00,87.81733031483724
2011-11-20 09:00:00,171.45205351050717
2011-11-20 10:00:00,185.83517033894788
2011-11-20 11:00:00,248.12072127995154
2011-11-20 12:00:00,300.4206331243018
2011-11-20 13:00:00,341.7501581116911
2011-11-20 14:00:00,327.0792758402748
2011-11-20 15:00:00,271.548175685647
2011-11-20 16:00:00,276.5283024675699
2011-11-20 17:00:00,252.59158676970776
2011-11-20 18:00:00,238.5244830471851
2011-11-20 19:00:00,169.11154592923882
2011-11-20 20:00:00,123.96697864009151
2011-11-20 21:00:00,101.45703272151967
2011-11-20 22:00:00,59.6053633026798
2011-11-20 23:00:00,37.32310678936201
2011-11-21 00:00:00,23.228238033478583
2011-11-21 01:00:00,6.777213548465369
2011-11-21 02:00:00,4.754547798909097
2011-11-21 03:00:00,2.8852019128505546
2011-11-21 04:00:00,4.301268503592422
2011-11-21 05:00:00,18.509394660698764
2011-11-21 06:00:00,104.50411628230592
2011-11-21 07:00:00,292.2898302173665
2011-11-21 08:00:00,583.0068384935524
2011-11-21 09:00:00,204.46253128002544
2011-11-21 10:00:00,115.80685657731013
2011-11-21 11:00:00,107.37967823247006
2011-11-21 12:00:00,154.36417081342245
2011-11-21 13:00:00,156.10392883813523
2011-11-21 14:00:00,129.08166357358016
2011-11-21 15:00:00,70.43233098305295
2011-11-21 16:00:00,108.357745216136
2011-11-21 17:00:00,184.29788753377923
2011-11-21 18:00:00,205.24006198807515
2011-11-21 19:00:00,124.19479281473893
2011-11-21 20:00:00,92.99927801527915
2011-11-21 21:00:00,66.73446004091825
2011-11-21 22:00:00,63.006069388557194
2011-11-21 23:00:00,27.88061015776972
2011-11-22 00:00:00,13.954275095481725
2011-11-22 01:00:00,6.030743721085287
2011-11-22 02:00:00,4.11952456529862
2011-11-22 03:00:00,2.1611147412046132
2011-11-22 04:00:00,2.6588616086546515
2011-11-22 05:00:00,10.283132401296244
2011-11-22 06:00:00,85.40406486538487
2011-11-22 07:00:00,105.15767607100592
2011-11-22 08:00:00,192.11423780773114
2011-11-22 09:00:00,113.53429068625661
2011-11-22 10:00:00,49.81210577832719
2011-11-22 11:00:00,58.7708925040349
2011-11-22 12:00:00,68.5582712141694
2011-11-22 13:00:00,77.7705152100621
2011-11-22 14:00:00,72.97561967173593
2011-11-22 15:00:00,76.64062543966213
2011-11-22 16:00:00,118.16102922990946
2011-11-22 17:00:00,248.82593053731256
2011-11-22 18:00:00,240.46205172970554
2011-11-22 19:00:00,185.10273428935213
2011-11-22 20:00:00,157.8327627593196
2011-11-22 21:00:00,115.32014339540267
2011-11-22 22:00:00,87.19003631297096
2011-11-22 23:00:00,50.42939736420683
2011-11-23 00:00:00,23.41577768749822
2011-11-23 01:00:00,9.395792202344555
2011-11-23 02:00:00,2.5466863160406135
2011-11-23 03:00:00,1.9377395463421547
2011-11-23 04:00:00,2.346716336674048
2011-11-23 05:00:00,17.62605569034882
2011-11-23 06:00:00,88.21509649063863
2011-11-23 07:00:00,258.7145165365339
2011-11-23 08:00:00,468.66129307481737
2011-11-23 09:00:00,177.6700013768863
2011-11-23 10:00:00,89.58547529793408
2011-11-23 11:00:00,114.11262111656202
2011-11-23 12:00:00,159.53969283846251
2011-11-23 13:00:00,147.94699053771348
2011-11-23 14:00:00,148.36749006872083
2011-11-23 15:00:00,143.73686130700213
2011-11-23 16:00:00,199.03175065766382
2011-11-23 17:00:00,176.75853940486172
2011-11-23 18:00:00,375.0223867197045
2011-11-23 19:00:00,271.38951309226513
2011-11-23 20:00:00,188.99568945827258
2011-11-23 21:00:00,142.8053881420397
2011-11-23 22:00:00,106.22222462306308
2011-11-23 23:00:00,62.23542265399705
2011-11-24 00:00:00,59.93214282868257
2011-11-24 01:00:00,24.74201675618078
2011-11-24 02:00:00,16.886792328776288
2011-11-24 03:00:00,7.992850742099021
2011-11-24 04:00:00,7.994320929587037
2011-11-24 05:00:00,8.817294272530924
2011-11-24 06:00:00,35.843457773361095
2011-11-24 07:00:00,52.07175382095244
2011-11-24 08:00:00,186.21639523373383
2011-11-24 09:00:00,144.96170154008323
2011-11-24 10:00:00,179.7665931139494
2011-11-24 11:00:00,236.8122937294093
2011-11-24 12:00:00,350.23860264175363
2011-11-24 13:00:00,335.9966379366125
2011-11-24 14:00:00,397.06673603747464
2011-11-24 15:00:00,448.37870493526367
2011-11-24 16:00:00,430.72378109163895
2011-11-24 17:00:00,406.07063365301093
2011-11-24 18:00:00,361.54265874161706
2011-11-24 19:00:00,281.85583234103757
2011-11-24 20:00:00,252.2504758189393
2011-11-24 21:00:00,136.8348088816514
2011-11-24 22:00:00,120.15528725792257
2011-11-24 23:00:00,96.96816901349618
2011-11-25 00:00:00,38.347915525050674
2011-11-25 01:00:00,20.437144063088045
2011-11-25 02:00:00,7.234850991597261
2011-11-25 03:00:00,4.23820316643929
2011-11-25 04:00:00,4.533956382073881
2011-11-25 05:00:00,19.800242461605624
2011-11-25 06:00:00,68.02550182722362
2011-11-25 07:00:00,223.93863629809417
2011-11-25 08:00:00,463.33102369655506
2011-11-25 09:00:00,252.8759702750563
2011-11-25 10:00:00,116.55884116468434
2011-11-25 11:00:00,154.30948523519027
2011-11-25 12:00:00,199.05214656014115
2011-11-25 13:00:00,200.96553161813358
2011-11-25 14:00:00,191.04915311252418
2011-11-25 15:00:00,200.79025763897747
2011-11-25 16:00:00,303.8953242926852
2011-11-25 17:00:00,495.35074701730304
2011-11-25 18:00:00,420.96720444201907
2011-11-25 19:00:00,280.77253140636674
2011-11-25 20:00:00,194.25637972002073
2011-11-25 21:00:00,133.52551777641804
2011-11-25 22:00:00,115.5383850237211
2011-11-25 23:00:00,93.08744104192297
2011-11-26 00:00:00,69.76643989430451
2011-11-26 01:00:00,54.321935643875406
2011-11-26 02:00:00,35.28896634303707
2011-11-26 03:00:00,18.450862848705444
2011-11-26 04:00:00,7.349197244041299
2011-11-26 05:00:00,6.420502279453119
2011-11-26 06:00:00,15.68349375388528
2011-11-26 07:00:00,28.196121907907266
2011-11-26 08:00:00,103.42771020137634
2011-11-26 09:00:00,151.76793497860467
2011-11-26 10:00:00,205.64663416502424
2011-11-26 11:00:00,287.1415015481
2011-11-26 12:00:00,359.8059862568742
2011-11-26 13:00:00,379.2493683306248
2011-11-26 14:00:00,342.3305842646504
2011-11-26 15:00:00,354.18503043158387
2011-11-26 16:00:00,350.47603366970964
2011-11-26 17:00:00,312.75180418132067
2011-11-26 18:00:00,233.80926115368808
2011-11-26 19:00:00,179.11494237073765
2011-11-26 20:00:00,171.68083262988006
2011-11-26 21:00:00,111.72491936516127
2011-11-26 22:00:00,101.66314048210499
2011-11-26 23:00:00,88.90675586849864
2011-11-27 00:00:00,85.15845733761198
2011-11-27 01:00:00,71.6324439672938
2011-11-27 02:00:00,48.04985021202445
2011-11-27 03:00:00,27.477691192114655
2011-11-27 04:00:00,8.19243597339652
2011-11-27 05:00:00,5.384613843471342
2011-11-27 06:00:00,16.28357424046233
2011-11-27 07:00:00,34.289145478114015
2011-11-27 08:00:00,82.4676087183749
2011-11-27 09:00:00,172.6110683959197
2011-11-27 10:00:00,229.4482385524731
2011-11-27 11:00:00,242.70319344196668
2011-11-27 12:00:00,420.0849046341028
2011-11-27 13:00:00,414.4652750125812
2011-11-27 14:00:00,384.85415982066297
2011-11-27 15:00:00,404.70006556199655
2011-11-27 16:00:00,407.03750089169137
2011-11-27 17:00:00,376.98566044487296
2011-11-27 18:00:00,251.72497718956848
2011-11-27 19:00:00,212.42647010249644
2011-11-27 20:00:00,154.50791846634343
2011-11-27 21:00:00,120.64100780505586
2011-11-27 22:00:00,98.95741015209202
2011-11-27 23:00:00,62.40540388080383
2011-11-28 00:00:00,29.19914792394202
2011-11-28 01:00:00,12.856437177095433
2011-11-28 03:00:00,4.1423470586433355
2011-11-28 04:00:00,5.663955092940997
2011-11-28 05:00:00,18.88606341229898
2011-11-28 06:00:00,115.12819956435156
2011-11-28 07:00:00,334.32556639406243
2011-11-28 08:00:00,554.1998383744867
2011-11-28 09:00:00,198.6003750023036
2011-11-28 10:00:00,114.29230945261041
2011-11-28 11:00:00,128.1689934223201
2011-11-28 12:00:00,195.56338475051135
2011-11-28 13:00:00,195.69867981478063
2011-11-28 14:00:00,193.15510633657718
2011-11-28 15:00:00,198.5477738435587
2011-11-28 16:00:00,297.90038801494194
2011-11-28 17:00:00,559.9573346108309
2011-11-28 18:00:00,545.0980659239897
2011-11-28 19:00:00,340.91847676503284
2011-11-28 20:00:00,234.39620800293542
2011-11-28 21:00:00,170.88691081413037
2011-11-28 22:00:00,94.7686828731758
2011-11-28 23:00:00,54.777487569466096
2011-11-29 00:00:00,27.096659337512428
2011-11-29 01:00:00,11.030389691683085
2011-11-29 02:00:00,4.428226822325544
2011-11-29 03:00:00,3.874750834120638
2011-11-29 04:00:00,4.568540726000657
2011-11-29 05:00:00,19.394927666078445
2011-11-29 06:00:00,94.06261227504771
2011-11-29 07:00:00,300.6755150048029
2011-11-29 08:00:00,483.8136922683919
2011-11-29 09:00:00,140.2047427235029
2011-11-29 10:00:00,73.66148648698375
2011-11-29 11:00:00,45.65575503644427
2011-11-29 12:00:00,78.44251765677673
2011-11-29 13:00:00,91.15116461455617
2011-11-29 14:00:00,51.66027746625344
2011-11-29 15:00:00,52.59117591836661
2011-11-29 16:00:00,89.15258246497372
2011-11-29 17:00:00,315.88636283876673
2011-11-29 18:00:00,308.7619254649554
2011-11-29 19:00:00,223.86089249046225
2011-11-29 20:00:00,147.60638478982602
2011-11-29 21:00:00,111.4423667292277
2011-11-29 22:00:00,89.54162126396425
2011-11-29 23:00:00,56.67285011820826
2011-11-30 00:00:00,24.774309576889934
2011-11-30 01:00:00,10.641583861306133
2011-11-30 02:00:00,3.6057362628559835
2011-11-30 03:00:00,4.417022143978368
2011-11-30 04:00:00,3.773536173250168
2011-11-30 05:00:00,17.03482017876013
2011-11-30 06:00:00,84.71998833573826
2011-11-30 07:00:00,239.2464996372302
2011-11-30 08:00:00,458.72333176081764
2011-11-30 09:00:00,192.9744458027129
2011-11-30 10:00:00,104.89538845439928
2011-11-30 11:00:00,130.16380009949128
2011-11-30 12:00:00,133.52141482286257
2011-11-30 13:00:00,138.5030226117899
2011-11-30 14:00:00,131.4775149755677
2011-11-30 15:00:00,137.43861020047842
2011-11-30 16:00:00,207.8678593083893
2011-11-30 17:00:00,374.7290569834856
2011-11-30 18:00:00,374.9628431963685
2011-11-30 19:00:00,253.13393338568716
2011-11-30 20:00:00,185.5041976678139
2011-11-30 21:00:00,129.35854637350616
2011-11-30 22:00:00,100.51666334060097
2011-11-30 23:00:00,58.01933205840277
2011-12-20 00:00:00,22.760338954177683
2011-12-20 01:00:00,9.95618883672955
2011-12-20 02:00:00,4.225679108159571
2011-12-20 03:00:00,3.7416314950018554
2011-12-20 04:00:00,4.896013597899165
2011-12-20 05:00:00,20.56325925879094
2011-12-20 06:00:00,86.85365840597491
2011-12-20 07:00:00,249.24985245138228
2011-12-20 08:00:00,478.34076884728574
2011-12-20 09:00:00,206.48176441880344
2011-12-20 10:00:00,117.59377782294588
2011-12-20 11:00:00,122.49121368797184
2011-12-20 12:00:00,152.70139176964395
2011-12-20 13:00:00,150.56204467246013
2011-12-20 14:00:00,145.3146630660294
2011-12-20 15:00:00,149.74075765713835
2011-12-20 16:00:00,249.81513957095328
2011-12-20 17:00:00,461.9235683934226
2011-12-20 18:00:00,385.84208992644085
2011-12-20 19:00:00,280.868713669349
2011-12-20 20:00:00,199.82884952534673
2011-12-20 21:00:00,148.65049755037577
2011-12-20 22:00:00,107.35404726191686
2011-12-20 23:00:00,58.38120128499886
2011-12-21 00:00:00,9.971927278826842
2011-12-21 01:00:00,4.481968675483827
2011-12-21 02:00:00,2.1608745760423287
2011-12-21 03:00:00,1.4730630288589057
2011-12-21 04:00:00,1.171924318232318
2011-12-21 05:00:00,7.8350434616395805
2011-12-21 06:00:00,36.827203113967904
2011-12-21 07:00:00,102.4155427724519
2011-12-21 08:00:00,97.08045918198475
2011-12-21 09:00:00,77.89872044801926
2011-12-21 10:00:00,43.26595773397339
2011-12-21 11:00:00,40.59021585856195
2011-12-21 12:00:00,11.53845256521619
2011-12-21 13:00:00,11.174504289056937
2011-12-21 14:00:00,42.94215487024515
2011-12-21 15:00:00,45.517961262262425
2011-12-21 16:00:00,16.953648104214427
2011-12-21 17:00:00,31.989125267689154
2011-12-21 18:00:00,113.02542254143256
2011-12-21 19:00:00,86.00045627076949
2011-12-21 20:00:00,61.838176368558614
2011-12-21 21:00:00,53.44472734258682
2011-12-21 22:00:00,42.8664204791606
2011-12-21 23:00:00,26.25464881448053
2011-12-22 00:00:00,12.883432187872735
2011-12-22 01:00:00,5.27137786428389
2011-12-22 02:00:00,3.3847374896531166
2011-12-22 03:00:00,2.1161169421956396
2011-12-22 04:00:00,1.4363450821429127
2011-12-22 05:00:00,9.381790292192381
2011-12-22 06:00:00,38.17828957815401
2011-12-22 07:00:00,99.95968095305254
2011-12-22 08:00:00,184.06323237361187
2011-12-22 09:00:00,83.53309986616463
2011-12-22 10:00:00,43.956599321353664
2011-12-22 11:00:00,51.744568555450186
2011-12-22 12:00:00,73.72869839752161
2011-12-22 13:00:00,69.97248563038396
2011-12-22 14:00:00,61.74024916114159
2011-12-22 15:00:00,68.07022188656502
2011-12-22 16:00:00,99.68570224341957
2011-12-22 17:00:00,183.54970999074985
2011-12-22 18:00:00,182.62502705836164
2011-12-22 19:00:00,126.24207731418687
2011-12-22 20:00:00,74.2470208521549
2011-12-22 21:00:00,56.30153381314253
2011-12-22 22:00:00,29.63434448547459
2011-12-22 23:00:00,22.339580549688858
2011-12-23 00:00:00,9.633867919533383
2011-12-23 01:00:00,4.463223758636517
2011-12-23 02:00:00,4.4912769567423485
2011-12-23 03:00:00,0.9118924134216431
2011-12-23 04:00:00,0.44170683832955676
2011-12-23 05:00:00,6.667425811509725
2011-12-23 06:00:00,34.56828663397834
2011-12-23 07:00:00,95.01938882233917
2011-12-23 08:00:00,206.29535051382413
2011-12-23 09:00:00,109.20583801660794
2011-12-23 10:00:00,54.843542809921004
2011-12-23 11:00:00,66.4459415289893
2011-12-23 12:00:00,74.08304465168254
2011-12-23 13:00:00,74.31642599775797
2011-12-23 14:00:00,68.80109274872135
2011-12-23 15:00:00,70.64418991920907
2011-12-23 16:00:00,107.88572255769262
2011-12-23 17:00:00,175.6786161585185
2011-12-23 18:00:00,150.24051396253392
2011-12-23 19:00:00,105.31975705216327
2011-12-23 20:00:00,71.05245849207913
2011-12-23 21:00:00,57.4311363910456
2011-12-23 22:00:00,49.51557012653082
2011-12-23 23:00:00,38.761629152202175
2011-12-24 00:00:00,28.793733022813846
2011-12-24 01:00:00,22.9759757926549
2011-12-24 02:00:00,19.77172796234929
2011-12-24 03:00:00,7.754629475625153
2011-12-24 04:00:00,2.713512622267525
2011-12-24 05:00:00,2.145502444299822
2011-12-24 06:00:00,5.778922624399707
2011-12-24 07:00:00,10.556615410790926
2011-12-24 08:00:00,32.516064183781346
2011-12-24 09:00:00,52.699515980318814
2011-12-24 10:00:00,66.77489736252437
2011-12-24 11:00:00,102.88315822092666
2011-12-24 12:00:00,124.0085199952426
2011-12-24 13:00:00,121.92295907827489
2011-12-24 14:00:00,120.39192020600746
2011-12-24 15:00:00,130.5570598724252
2011-12-24 16:00:00,125.32182679554573
2011-12-24 17:00:00,104.75408862952096
2011-12-24 18:00:00,91.07426508181814
2011-12-24 19:00:00,76.16713867205364
2011-12-24 20:00:00,53.708510326090554
2011-12-24 21:00:00,43.78173997636216
2011-12-24 22:00:00,39.46967116001348
2011-12-24 23:00:00,31.730553928649734
2011-12-25 00:00:00,28.197190460937097
2011-12-25 01:00:00,22.591302389758912
2011-12-25 02:00:00,22.817131321185958
2011-12-25 03:00:00,9.952814934001275
2011-12-25 05:00:00,1.4990055812772147
2011-12-25 06:00:00,2.4769710513461565
2011-12-25 07:00:00,7.625453283290188
2011-12-25 08:00:00,19.35900354940386
2011-12-25 09:00:00,39.721192478664626
2011-12-25 10:00:00,54.962291668353636
2011-12-25 11:00:00,93.80899764201544
2011-12-25 12:00:00,77.54374437950547
2011-12-25 13:00:00,98.85367312702336
2011-12-25 14:00:00,95.86502975182202
2011-12-25 15:00:00,99.25138667563188
2011-12-25 16:00:00,106.6869493338424
2011-12-25 17:00:00,89.85226514697102
2011-12-25 18:00:00,72.06837422866779
2011-12-25 19:00:00,63.3956383031576
2011-12-25 20:00:00,42.842345256215204
2011-12-25 21:00:00,37.40205244503902
2011-12-25 22:00:00,24.05490334544769
2011-12-25 23:00:00,13.99770612839528
2011-12-26 00:00:00,13.819059004648048
2011-12-26 01:00:00,6.9648735047449115
2011-12-26 02:00:00,7.526449531166454
2011-12-26 04:00:00,2.5734515223851053
2011-12-26 05:00:00,2.8044516728161666
2011-12-26 06:00:00,10.330084890118318
2011-12-26 07:00:00,23.89107291579952
2011-12-26 08:00:00,62.827826149436696
2011-12-26 09:00:00,64.10373643917328
2011-12-26 10:00:00,66.64293847243233
2011-12-26 11:00:00,86.21704589223657
2011-12-26 12:00:00,107.78244570592722
2011-12-26 13:00:00,122.94606998264076
2011-12-26 14:00:00,111.57520543216962
2011-12-26 15:00:00,120.12792157565349
2011-12-26 16:00:00,105.89879140927692
2011-12-26 17:00:00,101.61734001824155
2011-12-26 18:00:00,93.73988328879412
2011-12-26 19:00:00,72.01474770338689
2011-12-26 20:00:00,74.94731342064615
2011-12-26 21:00:00,37.19685826115028
2011-12-26 22:00:00,31.750620028566452
2011-12-26 23:00:00,17.37941999645522
2011-12-27 00:00:00,7.159059123517272
2011-12-27 01:00:00,2.726433116761643
2011-12-27 02:00:00,1.5279243922174777
2011-12-27 03:00:00,0.8839227585746222
2011-12-27 04:00:00,1.293167509234864
2011-12-27 05:00:00,6.254400511646156
2011-12-27 06:00:00,32.96890841867711
2011-12-27 07:00:00,90.11577261362184
2011-12-27 08:00:00,200.4276435921329
2011-12-27 09:00:00,63.518233510133584
2011-12-27 10:00:00,41.71101390054569
2011-12-27 11:00:00,34.637489938837724
2011-12-27 12:00:00,31.952554340838212
2011-12-27 13:00:00,30.77874234482064
2011-12-27 14:00:00,33.378403129155686
2011-12-27 15:00:00,35.27005800039924
2011-12-27 16:00:00,41.06800805147958
2011-12-27 17:00:00,106.31019533267978
2011-12-27 18:00:00,110.88523249592672
2011-12-27 19:00:00,89.2775025494101
2011-12-27 20:00:00,63.303623586524836
2011-12-27 21:00:00,50.34956817881216
2011-12-27 22:00:00,37.13451284360709
2011-12-27 23:00:00,20.589697550786095
2011-12-28 00:00:00,9.010489998764418
2011-12-28 01:00:00,4.282947385753461
2011-12-28 02:00:00,1.974111614212068
2011-12-28 03:00:00,1.563600836954532
2011-12-28 05:00:00,7.097975008673869
2011-12-28 06:00:00,37.38636899769684
2011-12-28 07:00:00,105.07375175207288
2011-12-28 08:00:00,175.40525058834515
2011-12-28 09:00:00,93.59814848904765
2011-12-28 10:00:00,45.895963720004396
2011-12-28 11:00:00,52.87180056145314
2011-12-28 12:00:00,54.291071535757595
2011-12-28 13:00:00,53.920461677050156
2011-12-28 14:00:00,50.80511857827796
2011-12-28 15:00:00,53.594861261594154
2011-12-28 16:00:00,82.95829144561769
2011-12-28 17:00:00,161.78503209411588
2011-12-28 18:00:00,145.36888850106146
2011-12-28 19:00:00,104.9368493270442
2011-12-28 20:00:00,72.88839725124214
2011-12-28 21:00:00,56.31194696197392
2011-12-28 22:00:00,41.55466066860685
2011-12-28 23:00:00,24.193499728124223
2011-12-29 00:00:00,9.914195632498675
2011-12-29 01:00:00,4.270698009617068
2011-12-29 02:00:00,2.5722695762207244
2011-12-29 03:00:00,1.260300121823433
2011-12-29 04:00:00,1.2864063312675724
2011-12-29 05:00:00,8.069729520082248
2011-12-29 06:00:00,34.96828043180636
2011-12-29 07:00:00,96.78586671061431
2011-12-29 08:00:00,183.613891296066
2011-12-29 09:00:00,83.13957478298566
2011-12-29 10:00:00,39.19311987811862
2011-12-29 11:00:00,47.222992777420195
2011-12-29 12:00:00,58.86814937995821
2011-12-29 13:00:00,57.004068526973505
2011-12-29 14:00:00,55.85643987679961
2011-12-29 15:00:00,58.561814683497985
2011-12-29 16:00:00,92.61691480258753
2011-12-29 17:00:00,166.82231518383978
2011-12-29 18:00:00,168.2979765937685
2011-12-29 19:00:00,118.44470602812946
2011-12-29 20:00:00,76.77003582389658
2011-12-29 21:00:00,55.42065637825395
2011-12-29 22:00:00,43.70293750921523
2011-12-29 23:00:00,31.587362411602967
2011-12-30 00:00:00,14.477178383163416
2011-12-30 01:00:00,7.021099952357041
2011-12-30 02:00:00,3.7368541781610514
2011-12-30 03:00:00,1.3516395863410642
2011-12-30 04:00:00,1.0871774185132157
2011-12-30 05:00:00,6.941328666916665
2011-12-30 06:00:00,27.94308882045301
2011-12-30 07:00:00,87.10441255005038
2011-12-30 08:00:00,180.8233710999128
2011-12-30 09:00:00,107.77913645773857
2011-12-30 10:00:00,47.89492194551174
2011-12-30 11:00:00,62.17424903915093
2011-12-30 12:00:00,72.05845175116882
2011-12-30 13:00:00,68.40232901532046
2011-12-30 14:00:00,71.01582862146665
2011-12-30 15:00:00,87.56086028764682
2011-12-30 16:00:00,131.77175227182417
2011-12-30 17:00:00,185.83262552471535
2011-12-30 18:00:00,145.30034991941992
2011-12-30 19:00:00,97.59142546818711
2011-12-30 20:00:00,72.58788940306195
2011-12-30 21:00:00,57.62458406252666
2011-12-30 22:00:00,46.51882519933658
2011-12-30 23:00:00,37.03265968333455
2011-12-31 00:00:00,30.909035757866725
2011-12-31 01:00:00,24.631818804016152
2011-12-31 02:00:00,21.53289574405385
2011-12-31 03:00:00,8.674244330728612
2011-12-31 04:00:00,2.4093045687151755
2011-12-31 05:00:00,2.045793138386384
2011-12-31 06:00:00,7.208313480640637
2011-12-31 07:00:00,9.140057849975399
2011-12-31 08:00:00,41.348819146675325
2011-12-31 09:00:00,68.13290391068327
2011-12-31 10:00:00,90.60269713503776
2011-12-31 11:00:00,122.6622727422365
2011-12-31 12:00:00,159.69592998889777
2011-12-31 13:00:00,155.66495455335598
2011-12-31 14:00:00,149.0106480729333
2011-12-31 15:00:00,157.30861013309058
2011-12-31 16:00:00,143.9564094829213
2011-12-31 17:00:00,137.4843437751171
2011-12-31 18:00:00,112.98666761585301
2011-12-31 19:00:00,92.83006773771046
2011-12-31 20:00:00,80.42211463262268
2011-12-31 21:00:00,58.56181749447219
2011-12-31 22:00:00,46.8208929740163
2011-12-31 23:00:00,40.9643438284894
2012-01-20 00:00:00,29.003359550305753
2012-01-20 01:00:00,15.217167272830306
2012-01-20 02:00:00,6.492651247902093
2012-01-20 03:00:00,3.1053491778110898
2012-01-20 04:00:00,3.0388754820032293
2012-01-20 05:00:00,17.891691326150333
2012-01-20 06:00:00,59.95359581138218
2012-01-20 07:00:00,192.90606444631484
2012-01-20 08:00:00,404.4155095198242
2012-01-20 09:00:00,203.3322240971697
2012-01-20 10:00:00,108.7252220054202
2012-01-20 11:00:00,124.5977361657526
2012-01-20 12:00:00,138.81649957471234
2012-01-20 13:00:00,148.48772644172817
2012-01-20 14:00:00,134.2260833290474
2012-01-20 15:00:00,147.87973426426746
2012-01-20 16:00:00,216.71630319788343
2012-01-20 17:00:00,360.10945709856344
2012-01-20 18:00:00,266.17428069038704
2012-01-20 19:00:00,184.93323089642854
2012-01-20 20:00:00,127.92601610345167
2012-01-20 21:00:00,99.01768652138168
2012-01-20 22:00:00,83.79410733075156
2012-01-20 23:00:00,43.56519067289171
2012-01-21 00:00:00,33.07358843616249
2012-01-21 01:00:00,19.778391046007687
2012-01-21 02:00:00,26.426636438795754
2012-01-21 03:00:00,8.353022053779288
2012-01-21 04:00:00,3.4611926312984194
2012-01-21 05:00:00,2.6849741569821983
2012-01-21 06:00:00,3.958735610453865
2012-01-21 07:00:00,10.119891067829906
2012-01-21 08:00:00,53.322205648811334
2012-01-21 09:00:00,78.48575126357399
2012-01-21 10:00:00,53.43807722708135
2012-01-21 11:00:00,152.88986694982813
2012-01-21 12:00:00,181.31776655762087
2012-01-21 13:00:00,179.53278361740348
2012-01-21 14:00:00,107.17480285574813
2012-01-21 15:00:00,111.3284512800279
2012-01-21 16:00:00,155.2145201295205
2012-01-21 17:00:00,142.72107219759002
2012-01-21 18:00:00,137.47564623103702
2012-01-21 19:00:00,95.66936514778564
2012-01-21 20:00:00,80.7013964231656
2012-01-21 21:00:00,71.69972500377679
2012-01-21 22:00:00,56.70151694274223
2012-01-21 23:00:00,56.336623139649696
2012-01-22 00:00:00,50.937611150465024
2012-01-22 01:00:00,37.89813875956707
2012-01-22 02:00:00,27.384377282216725
2012-01-22 03:00:00,13.23472560134581
2012-01-22 04:00:00,3.48722616888404
2012-01-22 05:00:00,2.393708866659563
2012-01-22 06:00:00,5.6317919079199035
2012-01-22 07:00:00,14.704371954489767
2012-01-22 08:00:00,34.9527850534912
2012-01-22 09:00:00,78.51450205726255
2012-01-22 10:00:00,100.61623749624185
2012-01-22 11:00:00,94.10575611625946
2012-01-22 12:00:00,156.26105901073828
2012-01-22 13:00:00,149.86935291036733
2012-01-22 14:00:00,134.24437308538228
2012-01-22 15:00:00,143.79911616487874
2012-01-22 16:00:00,140.68970157094387
2012-01-22 17:00:00,127.25966046073356
2012-01-22 18:00:00,70.27551035333725
2012-01-22 19:00:00,60.5185031723205
2012-01-22 20:00:00,34.150357477247546
2012-01-22 21:00:00,36.8868398297544
2012-01-22 22:00:00,38.20228968636671
2012-01-22 23:00:00,23.76270389331778
2012-01-23 00:00:00,14.964767130213604
2012-01-23 01:00:00,6.242479289532806
2012-01-23 02:00:00,2.9459013387957835
2012-01-23 03:00:00,1.6107368488872913
2012-01-23 04:00:00,2.472720990060821
2012-01-23 05:00:00,13.7027199350759
2012-01-23 06:00:00,64.32807506080775
2012-01-23 07:00:00,114.72977502300134
2012-01-23 08:00:00,200.85868875257998
2012-01-23 09:00:00,157.54624129918102
2012-01-23 10:00:00,77.16958875432631
2012-01-23 11:00:00,77.87767138902687
2012-01-23 12:00:00,94.92290364579395
2012-01-23 13:00:00,73.21756094082772
2012-01-23 14:00:00,53.052973799808534
2012-01-23 15:00:00,86.57074738689606
2012-01-23 16:00:00,130.1138238419728
2012-01-23 17:00:00,255.27315265059684
2012-01-23 18:00:00,215.0356981306317
2012-01-23 19:00:00,139.06754666254182
2012-01-23 20:00:00,98.92174488526001
2012-01-23 21:00:00,67.25877983517698
2012-01-23 22:00:00,49.323262300732694
2012-01-23 23:00:00,28.323364879276397
2012-01-24 00:00:00,12.356999588461468
2012-01-24 01:00:00,6.313673227113565
2012-01-24 02:00:00,2.576193600571539
2012-01-24 03:00:00,2.0720575494530595
2012-01-24 04:00:00,3.08807407599737
2012-01-24 05:00:00,15.972377725854216
2012-01-24 06:00:00,71.03733145487152
2012-01-24 07:00:00,208.4197332157837
2012-01-24 08:00:00,373.615526821917
2012-01-24 09:00:00,169.41765525373373
2012-01-24 10:00:00,84.26706915437383
2012-01-24 11:00:00,89.95234475902262
2012-01-24 12:00:00,100.37278004862576
2012-01-24 13:00:00,101.62712282332939
2012-01-24 14:00:00,106.80099490294077
2012-01-24 15:00:00,123.01655185055093
2012-01-24 16:00:00,195.68627906072433
2012-01-24 17:00:00,472.631523600259
2012-01-24 18:00:00,339.73491435982953
2012-01-24 19:00:00,281.6317755384224
2012-01-24 20:00:00,162.8095159164505
2012-01-24 21:00:00,125.06764117508202
2012-01-24 22:00:00,81.05066541147148
2012-01-24 23:00:00,53.41817808264947
2012-01-25 00:00:00,20.325449752619352
2012-01-25 01:00:00,9.091553414742119
2012-01-25 02:00:00,3.110864348776577
2012-01-25 03:00:00,2.7800679707793656
2012-01-25 04:00:00,2.5957252485952798
2012-01-25 05:00:00,16.084487207238745
2012-01-25 06:00:00,82.08825635702398
2012-01-25 07:00:00,226.43851732249064
2012-01-25 08:00:00,400.3629996661931
2012-01-25 09:00:00,178.01694416406605
2012-01-25 10:00:00,86.08869212545959
2012-01-25 11:00:00,104.8514015186795
2012-01-25 12:00:00,142.43251334521742
2012-01-25 13:00:00,144.9209312602191
2012-01-25 14:00:00,137.60137812330953
2012-01-25 15:00:00,143.688213853795
2012-01-25 16:00:00,207.26897967939044
2012-01-25 17:00:00,381.6395529271185
2012-01-25 18:00:00,342.6705730609548
2012-01-25 19:00:00,237.60414926542086
2012-01-25 20:00:00,174.36586974276446
2012-01-25 21:00:00,133.14670391551005
2012-01-25 22:00:00,99.87179469422968
2012-01-25 23:00:00,56.04254523735957
2012-01-26 00:00:00,22.170326793704497
2012-01-26 01:00:00,10.515073616055151
2012-01-26 02:00:00,4.116142533386641
2012-01-26 03:00:00,3.0736941600909775
2012-01-26 04:00:00,3.5992881027785097
2012-01-26 05:00:00,20.031191416381812
2012-01-26 06:00:00,87.92323552628135
2012-01-26 07:00:00,228.96448827925437
2012-01-26 08:00:00,405.76010940844003
2012-01-26 09:00:00,180.20653416259378
2012-01-26 10:00:00,93.70746737396584
2012-01-26 11:00:00,88.93238113122081
2012-01-26 12:00:00,121.64507621088639
2012-01-26 13:00:00,136.13273592904406
2012-01-26 14:00:00,124.11771576356458
2012-01-26 15:00:00,139.34930345827547
2012-01-26 16:00:00,193.86941677958367
2012-01-26 17:00:00,378.8261933490813
2012-01-26 18:00:00,349.9208485917774
2012-01-26 19:00:00,233.85158957017032
2012-01-26 20:00:00,150.76755684729545
2012-01-26 21:00:00,128.00082401842712
2012-01-26 22:00:00,87.42995444738717
2012-01-26 23:00:00,59.64152105594222
2012-01-27 00:00:00,33.319458653443306
2012-01-27 01:00:00,14.717451652694987
2012-01-27 02:00:00,6.988037613171342
2012-01-27 03:00:00,2.7124747751972422
2012-01-27 04:00:00,2.410493082017283
2012-01-27 05:00:00,15.977376094789172
2012-01-27 06:00:00,59.03522542129912
2012-01-27 07:00:00,176.76337303327583
2012-01-27 08:00:00,189.03354880297593
2012-01-27 09:00:00,106.51019911126721
2012-01-27 10:00:00,49.45845321261939
2012-01-27 11:00:00,104.83131762305993
2012-01-27 12:00:00,130.0089923687561
2012-01-27 13:00:00,177.25343073966152
2012-01-27 14:00:00,165.26043773867713
2012-01-27 15:00:00,173.35209348812967
2012-01-27 16:00:00,262.50542030816064
2012-01-27 17:00:00,427.9348525815661
2012-01-27 18:00:00,305.9464347872852
2012-01-27 19:00:00,207.3587557403326
2012-01-27 20:00:00,150.9474736344593
2012-01-27 21:00:00,107.84362118571366
2012-01-27 22:00:00,97.54939951291847
2012-01-27 23:00:00,69.14197459986899
2012-01-28 00:00:00,57.3920067432377
2012-01-28 01:00:00,52.05042908105546
2012-01-28 02:00:00,32.437817613188365
2012-01-28 03:00:00,16.623193670069778
2012-01-28 04:00:00,5.053780816108652
2012-01-28 05:00:00,4.712015332703603
2012-01-28 06:00:00,13.573992126072167
2012-01-28 07:00:00,27.77555744382354
2012-01-28 08:00:00,67.5261213424169
2012-01-28 09:00:00,105.9705341678311
2012-01-28 10:00:00,150.26127200851732
2012-01-28 11:00:00,269.0803090574515
2012-01-28 12:00:00,249.7945005132748
2012-01-28 13:00:00,295.2139999083105
2012-01-28 14:00:00,277.0643135106116
2012-01-28 15:00:00,293.8282336008694
2012-01-28 16:00:00,317.04518311888586
2012-01-28 17:00:00,290.03143152023
2012-01-28 18:00:00,221.62596372548558
2012-01-28 19:00:00,167.1794167816812
2012-01-28 20:00:00,129.06372476890226
2012-01-28 21:00:00,100.08352167425508
2012-01-28 22:00:00,87.52677647108473
2012-01-28 23:00:00,78.51534172770134
2012-01-29 00:00:00,68.3211014233727
2012-01-29 01:00:00,47.81491024596209
2012-01-29 02:00:00,34.898371304172926
2012-01-29 03:00:00,19.25143605818718
2012-01-29 04:00:00,5.601474701395134
2012-01-29 05:00:00,4.8242197642445905
2012-01-29 06:00:00,7.01801259287293
2012-01-29 07:00:00,18.38572417344924
2012-01-29 08:00:00,40.65806669648004
2012-01-29 09:00:00,94.15019495065306
2012-01-29 10:00:00,140.03262802320182
2012-01-29 11:00:00,181.70687984523227
2012-01-29 12:00:00,258.2162632647365
2012-01-29 13:00:00,246.7840687577306
2012-01-29 14:00:00,234.62178172981416
2012-01-29 15:00:00,228.5193292555379
2012-01-29 16:00:00,222.9326576697463
2012-01-29 17:00:00,209.20093114007125
2012-01-29 18:00:00,152.67108919802573
2012-01-29 19:00:00,133.2694900710941
2012-01-29 20:00:00,83.32230800202487
2012-01-29 21:00:00,66.46658444868439
2012-01-29 22:00:00,51.98839638362394
2012-01-29 23:00:00,27.873542186491548
2012-01-30 00:00:00,16.646942801675205
2012-01-30 01:00:00,6.780283310262814
2012-01-30 02:00:00,3.1701145993855855
2012-01-30 03:00:00,2.119517727832175
2012-01-30 04:00:00,2.6738804777914846
2012-01-30 05:00:00,15.142218875790824
2012-01-30 06:00:00,67.30644420632377
2012-01-30 07:00:00,175.64168330467297
2012-01-30 08:00:00,319.61797030626894
2012-01-30 09:00:00,176.52827695091165
2012-01-30 10:00:00,91.35888438128751
2012-01-30 11:00:00,114.62037211977683
2012-01-30 12:00:00,123.39866246468583
2012-01-30 13:00:00,134.0148212838742
2012-01-30 14:00:00,134.96252197270158
2012-01-30 15:00:00,136.52734828258372
2012-01-30 16:00:00,207.3858452689713
2012-01-30 17:00:00,386.3905046469558
2012-01-30 18:00:00,353.10467375527253
2012-01-30 19:00:00,227.83647420837144
2012-01-30 20:00:00,156.47888028171582
2012-01-30 21:00:00,113.2201832181846
2012-01-30 22:00:00,74.56127156428371
2012-01-30 23:00:00,41.77730006765265
2012-01-31 00:00:00,16.76921469315066
2012-01-31 01:00:00,6.710497076903941
2012-01-31 02:00:00,3.1025427217873407
2012-01-31 03:00:00,2.569790282120616
2012-01-31 04:00:00,3.490844656889368
2012-01-31 05:00:00,17.48671593166357
2012-01-31 06:00:00,78.48633917337189
2012-01-31 07:00:00,214.12386679972855
2012-01-31 08:00:00,379.6947443455413
2012-01-31 09:00:00,179.746710612112
2012-01-31 10:00:00,100.68791066472546
2012-01-31 11:00:00,123.89410381324427
2012-01-31 12:00:00,136.14787333745903
2012-01-31 13:00:00,157.0410453345206
2012-01-31 14:00:00,140.36248439533986
2012-01-31 15:00:00,164.7560524994869
2012-01-31 16:00:00,243.3440833214846
2012-01-31 17:00:00,514.4025652881461
2012-01-31 18:00:00,473.0535474557472
2012-01-31 19:00:00,274.5285152220504
2012-01-31 20:00:00,182.71901882015243
2012-01-31 21:00:00,136.59623343175826
2012-01-31 22:00:00,100.56322696886133
2012-01-31 23:00:00,58.19705784729223
2012-02-20 00:00:00,36.22637004732806
2012-02-20 01:00:00,18.281522125656878
2012-02-20 02:00:00,13.956527243592737
2012-02-20 03:00:00,5.950973187263438
2012-02-20 05:00:00,5.8867192801383075
2012-02-20 06:00:00,17.83221628807004
2012-02-20 07:00:00,37.91337472532022
2012-02-20 08:00:00,90.48776686077849
2012-02-20 09:00:00,98.34640266453293
2012-02-20 10:00:00,122.60249869612264
2012-02-20 11:00:00,165.8582421974148
2012-02-20 12:00:00,203.08035945931582
2012-02-20 13:00:00,235.10247793696053
2012-02-20 14:00:00,240.82499591207824
2012-02-20 15:00:00,249.33378014767212
2012-02-20 16:00:00,251.7569004934106
2012-02-20 17:00:00,230.7574717408833
2012-02-20 18:00:00,209.82688774994827
2012-02-20 19:00:00,163.48166921646964
2012-02-20 20:00:00,161.65287076607584
2012-02-20 21:00:00,85.05740382750875
2012-02-20 22:00:00,71.9379915300035
2012-02-20 23:00:00,45.88380058845152
2012-02-21 00:00:00,20.66605964471413
2012-02-21 01:00:00,9.033146577604901
2012-02-21 02:00:00,3.8658337436563928
2012-02-21 04:00:00,2.507849553520571
2012-02-21 05:00:00,14.367173899720889
2012-02-21 06:00:00,97.89970088002732
2012-02-21 07:00:00,247.91798779749752
2012-02-21 08:00:00,416.99634014441943
2012-02-21 09:00:00,214.87985117122642
2012-02-21 10:00:00,98.05243623764365
2012-02-21 11:00:00,107.05981601907402
2012-02-21 12:00:00,125.5944583872698
2012-02-21 13:00:00,141.99341964624745
2012-02-21 14:00:00,117.76619122085744
2012-02-21 15:00:00,142.6096990834307
2012-02-21 16:00:00,213.77640407185294
2012-02-21 17:00:00,445.14266950010915
2012-02-21 18:00:00,348.68183099400125
2012-02-21 19:00:00,262.22143702902406
2012-02-21 20:00:00,189.6372020318979
2012-02-21 21:00:00,137.79764779726582
2012-02-21 22:00:00,97.82631119780022
2012-02-21 23:00:00,56.16003649180928
2012-02-22 00:00:00,25.427586093879395
2012-02-22 01:00:00,10.749915430758726
2012-02-22 02:00:00,4.122535030736916
2012-02-22 03:00:00,3.3384111268188503
2012-02-22 04:00:00,2.5364067535528743
2012-02-22 05:00:00,16.697084139932613
2012-02-22 06:00:00,110.40160334616978
2012-02-22 07:00:00,300.89154289048207
2012-02-22 08:00:00,527.0791833998069
2012-02-22 09:00:00,214.55418900222324
2012-02-22 10:00:00,109.44234154182017
2012-02-22 11:00:00,132.92436207996516
2012-02-22 12:00:00,142.42047522364922
2012-02-22 13:00:00,161.4427065131729
2012-02-22 14:00:00,151.7837602836625
2012-02-22 15:00:00,162.6056033090333
2012-02-22 16:00:00,239.92128332521457
2012-02-22 17:00:00,449.11598063829626
2012-02-22 18:00:00,379.33555316882575
2012-02-22 19:00:00,264.4006013778788
2012-02-22 20:00:00,193.51348012637527
2012-02-22 21:00:00,140.0155440688928
2012-02-22 22:00:00,109.63273263230677
2012-02-22 23:00:00,62.980947385314536
2012-02-23 00:00:00,30.956177962659844
2012-02-23 01:00:00,12.824869828539688
2012-02-23 02:00:00,6.282273983651098
2012-02-23 03:00:00,2.8487133841598187
2012-02-23 04:00:00,3.409848074217922
2012-02-23 05:00:00,21.88456355454669
2012-02-23 06:00:00,100.76482429263386
2012-02-23 07:00:00,299.9163962857166
2012-02-23 08:00:00,480.46793988793763
2012-02-23 09:00:00,238.518227036063
2012-02-23 10:00:00,126.11267088566882
2012-02-23 11:00:00,133.59789088909005
2012-02-23 12:00:00,192.85258309531753
2012-02-23 13:00:00,193.82194028854255
2012-02-23 14:00:00,185.07535588717963
2012-02-23 15:00:00,194.00372790078532
2012-02-23 16:00:00,284.42393471889943
2012-02-23 17:00:00,536.8111673949475
2012-02-23 18:00:00,562.2385778073506
2012-02-23 19:00:00,308.3266093073646
2012-02-23 20:00:00,219.75506635872952
2012-02-23 21:00:00,172.07961717304363
2012-02-23 22:00:00,129.5223579671504
2012-02-23 23:00:00,84.10552606988092
2012-02-24 00:00:00,41.89240649848415
2012-02-24 01:00:00,21.422976335861247
2012-02-24 02:00:00,10.188453558213316
2012-02-24 03:00:00,5.261204664299732
2012-02-24 04:00:00,3.1430370969368537
2012-02-24 05:00:00,17.431839073086042
2012-02-24 06:00:00,84.18920124070762
2012-02-24 07:00:00,257.6558294779436
2012-02-24 08:00:00,482.67038035664376
2012-02-24 09:00:00,172.56901499487634
2012-02-24 10:00:00,81.05333080678334
2012-02-24 11:00:00,143.5852687246041
2012-02-24 12:00:00,192.24693748016952
2012-02-24 13:00:00,178.16100368719333
2012-02-24 14:00:00,174.33169316572557
2012-02-24 15:00:00,88.13969659685056
2012-02-24 16:00:00,131.79024922862493
2012-02-24 17:00:00,262.93981716968835
2012-02-24 18:00:00,301.50709394178307
2012-02-24 19:00:00,236.84029161261714
2012-02-24 20:00:00,184.8256032581246
2012-02-24 21:00:00,133.20033777341555
2012-02-24 22:00:00,109.27944164297111
2012-02-24 23:00:00,81.15561562278354
2012-02-25 00:00:00,65.98293406585496
2012-02-25 01:00:00,50.44146982361698
2012-02-25 02:00:00,37.39259770153429
2012-02-25 03:00:00,9.411952574882656
2012-02-25 04:00:00,3.8730305720652796
2012-02-25 05:00:00,4.77770255750166
2012-02-25 06:00:00,11.442673394753342
2012-02-25 07:00:00,28.154546482013004
2012-02-25 08:00:00,69.14256731615015
2012-02-25 09:00:00,73.46095362735892
2012-02-25 10:00:00,155.28537284883458
2012-02-25 11:00:00,209.71411617793933
2012-02-25 12:00:00,228.69634737870012
2012-02-25 13:00:00,270.227893803047
2012-02-25 14:00:00,222.7530314937566
2012-02-25 15:00:00,271.6768338012808
2012-02-25 16:00:00,217.00663943971887
2012-02-25 17:00:00,202.53904658275167
2012-02-25 18:00:00,150.28688944118662
2012-02-25 19:00:00,127.10314929435594
2012-02-25 20:00:00,101.38347226481906
2012-02-25 21:00:00,86.75795657458836
2012-02-25 22:00:00,67.94728263148987
2012-02-25 23:00:00,60.873307345723816
2012-02-26 00:00:00,61.017444072522764
2012-02-26 01:00:00,49.976806842612575
2012-02-26 02:00:00,40.3356704522704
2012-02-26 03:00:00,20.27644075415805
2012-02-26 04:00:00,4.269269812336819
2012-02-26 05:00:00,4.671578122149615
2012-02-26 06:00:00,7.0836575748868444
2012-02-26 07:00:00,18.172468652375326
2012-02-26 08:00:00,43.27744696040864
2012-02-26 09:00:00,105.6942336532931
2012-02-26 10:00:00,148.54911270184812
2012-02-26 11:00:00,185.84816761908957
2012-02-26 12:00:00,288.41939057345826
2012-02-26 13:00:00,264.99286519538
2012-02-26 14:00:00,252.4083383964574
2012-02-26 15:00:00,258.5552559934615
2012-02-26 16:00:00,246.27562149143733
2012-02-26 17:00:00,234.01429919025816
2012-02-26 18:00:00,160.24233240327075
2012-02-26 19:00:00,140.60164242639505
2012-02-26 20:00:00,96.097804861685
2012-02-26 21:00:00,81.49017908661536
2012-02-26 22:00:00,59.41775748290466
2012-02-26 23:00:00,33.41524348540903
2012-02-27 00:00:00,18.507668341210046
2012-02-27 01:00:00,7.557482976057317
2012-02-27 02:00:00,3.7628814307875533
2012-02-27 03:00:00,2.4820524135117537
2012-02-27 04:00:00,2.395198879655608
2012-02-27 05:00:00,14.650095506564856
2012-02-27 06:00:00,74.08575859158309
2012-02-27 07:00:00,196.00977701999165
2012-02-27 08:00:00,354.1904212690956
2012-02-27 09:00:00,200.6479758198132
2012-02-27 10:00:00,114.59038478466411
2012-02-27 11:00:00,130.72507608313038
2012-02-27 12:00:00,142.67926519890244
2012-02-27 13:00:00,153.9312385055623
2012-02-27 14:00:00,162.29832775280474
2012-02-27 15:00:00,167.17919694250813
2012-02-27 16:00:00,273.5949633969146
2012-02-27 17:00:00,506.0664205042181
2012-02-27 18:00:00,424.9670103264693
2012-02-27 19:00:00,277.101792071446
2012-02-27 20:00:00,188.58056342107838
2012-02-27 21:00:00,137.86511115509035
2012-02-27 22:00:00,103.8340815581413
2012-02-27 23:00:00,58.51617035621061
2012-02-28 00:00:00,24.900062021057472
2012-02-28 01:00:00,8.865148752838298
2012-02-28 02:00:00,4.3561605741248925
2012-02-28 03:00:00,3.030310216650067
2012-02-28 04:00:00,2.587406985651946
2012-02-28 05:00:00,14.725848467058217
2012-02-28 06:00:00,81.86151100698011
2012-02-28 07:00:00,226.80563244382316
2012-02-28 08:00:00,400.1305511984386
2012-02-28 09:00:00,199.90306118590513
2012-02-28 10:00:00,101.86736238287641
2012-02-28 11:00:00,134.37180815580788
2012-02-28 12:00:00,151.44524668358335
2012-02-28 13:00:00,150.7401619007505
2012-02-28 14:00:00,141.34420755120829
2012-02-28 15:00:00,170.75631869673555
2012-02-28 16:00:00,250.48859769271516
2012-02-28 17:00:00,539.9693796804387
2012-02-28 18:00:00,416.2086321242951
2012-02-28 19:00:00,311.57774823725146
2012-02-28 20:00:00,189.4012111298288
2012-02-28 21:00:00,137.63039601589884
2012-02-28 22:00:00,100.7711177239635
2012-02-28 23:00:00,57.79987361394953
2012-02-29 00:00:00,26.273037008154343
2012-02-29 01:00:00,11.588194631730154
2012-02-29 02:00:00,4.071426210597578
2012-02-29 03:00:00,3.4934374067682503
2012-02-29 05:00:00,16.968841980969906
2012-02-29 06:00:00,106.48709999094741
2012-02-29 07:00:00,278.2636239732904
2012-02-29 08:00:00,472.2471707629203
2012-02-29 09:00:00,150.13749216219784
2012-02-29 10:00:00,70.14328678052017
2012-02-29 11:00:00,57.43039928853274
2012-02-29 12:00:00,53.3191401472171
2012-02-29 13:00:00,116.95930250794052
2012-02-29 14:00:00,109.5964568439886
2012-02-29 15:00:00,134.28000834802106
2012-02-29 16:00:00,105.16272909440382
2012-02-29 17:00:00,345.57143465786953
2012-02-29 18:00:00,189.88196943495245
2012-02-29 19:00:00,241.18716568276346
2012-02-29 20:00:00,100.81365701947867
2012-02-29 21:00:00,75.88070581830782
2012-02-29 22:00:00,54.372093355549595
2012-02-29 23:00:00,33.9971409333317
2012-03-20 00:00:00,30.13905760832835
2012-03-20 01:00:00,14.847711752137803
2012-03-20 02:00:00,5.835222476920267
2012-03-20 03:00:00,4.168208815288967
2012-03-20 04:00:00,4.761212184025156
2012-03-20 05:00:00,22.54820851562501
2012-03-20 06:00:00,96.98218715243983
2012-03-20 07:00:00,129.96986651763805
2012-03-20 08:00:00,567.8816668495301
2012-03-20 09:00:00,240.14995786733647
2012-03-20 10:00:00,153.91582123307703
2012-03-20 11:00:00,152.48226825800532
2012-03-20 12:00:00,233.78784571996195
2012-03-20 13:00:00,227.35727757864097
2012-03-20 14:00:00,201.54171676835568
2012-03-20 15:00:00,209.42326017292203
2012-03-20 16:00:00,338.66870055081233
2012-03-20 17:00:00,679.1317666422184
2012-03-20 18:00:00,577.4863172253633
2012-03-20 19:00:00,424.574752102611
2012-03-20 20:00:00,301.33645453271856
2012-03-20 21:00:00,223.42771033141156
2012-03-20 22:00:00,166.93488820838036
2012-03-20 23:00:00,67.03675337691534
2012-03-21 00:00:00,43.94157736367959
2012-03-21 01:00:00,22.547299657279424
2012-03-21 02:00:00,7.155733868155156
2012-03-21 03:00:00,5.725763572350264
2012-03-21 04:00:00,6.01742844776176
2012-03-21 05:00:00,32.448332451621766
2012-03-21 06:00:00,140.93743592936374
2012-03-21 07:00:00,165.57449703517426
2012-03-21 08:00:00,412.6338911728729
2012-03-21 09:00:00,347.48615448198274
2012-03-21 10:00:00,201.65626368429616
2012-03-21 11:00:00,187.0643206251889
2012-03-21 12:00:00,301.01916395583584
2012-03-21 13:00:00,265.3953038787023
2012-03-21 14:00:00,284.336373528042
2012-03-21 15:00:00,303.71757667198807
2012-03-21 16:00:00,459.70527633644156
2012-03-21 17:00:00,842.2844739782006
2012-03-21 18:00:00,832.0319434009394
2012-03-21 19:00:00,605.0998331541374
2012-03-21 20:00:00,435.91965309205034
2012-03-21 21:00:00,289.35977108591425
2012-03-21 22:00:00,169.12723786594864
2012-03-21 23:00:00,153.26643097124824
2012-03-22 00:00:00,53.54928355054151
2012-03-22 01:00:00,25.700022973836568
2012-03-22 02:00:00,10.160448006310478
2012-03-22 03:00:00,7.165994072375417
2012-03-22 04:00:00,6.281705284303392
2012-03-22 05:00:00,33.563314819250095
2012-03-22 06:00:00,151.3932893702985
2012-03-22 07:00:00,381.0559052803544
2012-03-22 08:00:00,756.3409536778984
2012-03-22 09:00:00,313.9798235759513
2012-03-22 10:00:00,169.6139507664707
2012-03-22 11:00:00,162.79274760785236
2012-03-22 12:00:00,258.4568077343069
2012-03-22 13:00:00,359.83969308511354
2012-03-22 14:00:00,317.7416643475324
2012-03-22 15:00:00,327.6971466839926
2012-03-22 16:00:00,486.5834432206339
2012-03-22 17:00:00,899.7997702559494
2012-03-22 18:00:00,870.1070854691527
2012-03-22 19:00:00,608.3412065000574
2012-03-22 20:00:00,416.03464723108215
2012-03-22 21:00:00,338.3090261804675
2012-03-22 22:00:00,221.49047867573134
2012-03-22 23:00:00,155.53148106459653
2012-03-23 00:00:00,80.77555114557877
2012-03-23 01:00:00,42.421750078855624
2012-03-23 02:00:00,15.253141283400343
2012-03-23 03:00:00,7.331210605228128
2012-03-23 04:00:00,6.085605128449309
2012-03-23 05:00:00,31.496859245918152
2012-03-23 06:00:00,139.38344668763395
2012-03-23 07:00:00,337.0117505521223
2012-03-23 08:00:00,767.2415441959145
2012-03-23 09:00:00,420.63799100346426
2012-03-23 10:00:00,263.46485463870897
2012-03-23 11:00:00,308.4609889225122
2012-03-23 12:00:00,377.639897717107
2012-03-23 13:00:00,392.8299349738603
2012-03-23 14:00:00,372.06528327109123
2012-03-23 15:00:00,390.2076750174306
2012-03-23 16:00:00,567.4502114742786
2012-03-23 17:00:00,908.8094854536863
2012-03-23 18:00:00,827.7975528261601
2012-03-23 19:00:00,569.9346985603994
2012-03-23 20:00:00,397.52622635984375
2012-03-23 21:00:00,313.7568600371606
2012-03-23 22:00:00,256.36596131968
2012-03-23 23:00:00,215.26200802090796
2012-03-24 00:00:00,163.8598322144392
2012-03-24 01:00:00,134.08926717295793
2012-03-24 02:00:00,75.57117370147036
2012-03-24 03:00:00,42.18793830751111
2012-03-24 04:00:00,11.655262037741263
2012-03-24 05:00:00,12.43793963476042
2012-03-24 06:00:00,34.25827952575113
2012-03-24 07:00:00,70.52667206993333
2012-03-24 08:00:00,169.89540812510822
2012-03-24 09:00:00,310.77350780763544
2012-03-24 10:00:00,396.28128233401435
2012-03-24 11:00:00,373.56701140672993
2012-03-24 12:00:00,157.24537254573883
2012-03-24 13:00:00,158.66151838404477
2012-03-24 14:00:00,152.56976565337743
2012-03-24 15:00:00,145.2434699853122
2012-03-24 16:00:00,136.008649868908
2012-03-24 17:00:00,142.54049198063603
2012-03-24 18:00:00,152.85942630924478
2012-03-24 19:00:00,171.15742095169526
2012-03-24 20:00:00,100.8283590286295
2012-03-24 21:00:00,82.14468306085276
2012-03-24 22:00:00,67.9447532230909
2012-03-24 23:00:00,110.85799736151421
2012-03-25 00:00:00,55.98565941419914
2012-03-25 01:00:00,59.44600613563503
2012-03-25 02:00:00,23.791221977559523
2012-03-25 03:00:00,8.57258842216122
2012-03-25 04:00:00,6.82699977035353
2012-03-25 05:00:00,6.928835620860644
2012-03-25 06:00:00,13.559193774859738
2012-03-25 07:00:00,25.11860022324538
2012-03-25 08:00:00,65.53855703112636
2012-03-25 09:00:00,141.58460060959115
2012-03-25 10:00:00,315.16595256740607
2012-03-25 11:00:00,226.58085898592518
2012-03-25 12:00:00,274.6734522236452
2012-03-25 13:00:00,457.2507386412026
2012-03-25 14:00:00,435.57732174072527
2012-03-25 15:00:00,450.1799817762657
2012-03-25 16:00:00,600.2780326140203
2012-03-25 17:00:00,550.0346980345573
2012-03-25 18:00:00,393.2943615221335
2012-03-25 19:00:00,340.4567627839596
2012-03-25 20:00:00,243.81486994011635
2012-03-25 21:00:00,201.1980212445044
2012-03-25 22:00:00,141.75486984547814
2012-03-25 23:00:00,89.76809176498193
2012-03-26 00:00:00,39.91210017609544
2012-03-26 01:00:00,21.5730302074899
2012-03-26 02:00:00,8.69679180549391
2012-03-26 03:00:00,5.981289984455814
2012-03-26 04:00:00,7.361527405298109
2012-03-26 05:00:00,32.74059947312262
2012-03-26 06:00:00,142.29931467779258
2012-03-26 07:00:00,380.9196249561155
2012-03-26 08:00:00,769.247896531889
2012-03-26 09:00:00,415.27250072909953
2012-03-26 10:00:00,215.81479194901493
2012-03-26 11:00:00,230.24266852997056
2012-03-26 12:00:00,289.28125343260723
2012-03-26 13:00:00,302.66918068120594
2012-03-26 14:00:00,282.44896680513955
2012-03-26 15:00:00,286.0463017089784
2012-03-26 16:00:00,412.39841756806
2012-03-26 17:00:00,787.8485823969504
2012-03-26 18:00:00,636.861244945157
2012-03-26 19:00:00,412.0172766898817
2012-03-26 20:00:00,252.684618201788
2012-03-26 21:00:00,181.62584335945223
2012-03-26 22:00:00,135.10935609732547
2012-03-26 23:00:00,62.81359251717262
2012-03-27 00:00:00,26.852022182023468
2012-03-27 01:00:00,11.374786657294536
2012-03-27 02:00:00,5.121052645430702
2012-03-27 03:00:00,4.283848890750849
2012-03-27 04:00:00,5.256118804661057
2012-03-27 05:00:00,26.18849068139923
2012-03-27 06:00:00,141.37319036551906
2012-03-27 07:00:00,345.4750364701167
2012-03-27 08:00:00,644.5092428978473
2012-03-27 09:00:00,325.13478593350413
2012-03-27 10:00:00,177.7830096332973
2012-03-27 11:00:00,236.63073863993614
2012-03-27 12:00:00,263.00490513144626
2012-03-27 13:00:00,260.80533149086625
2012-03-27 14:00:00,253.07696077841445
2012-03-27 15:00:00,293.1364869225644
2012-03-27 16:00:00,434.2434385281123
2012-03-27 17:00:00,901.250158188603
2012-03-27 18:00:00,679.2149882508377
2012-03-27 19:00:00,499.8146958846918
2012-03-27 20:00:00,333.69837193854033
2012-03-27 21:00:00,219.205416042222
2012-03-27 22:00:00,163.0615897345857
2012-03-27 23:00:00,87.85523578862936
2012-03-28 00:00:00,41.86172463289704
2012-03-28 01:00:00,20.74526044714389
2012-03-28 02:00:00,6.903032036124372
2012-03-28 03:00:00,7.122932315413278
2012-03-28 04:00:00,6.5377598687279495
2012-03-28 05:00:00,33.85286544176928
2012-03-28 06:00:00,170.7492890428087
2012-03-28 07:00:00,407.21346164375166
2012-03-28 08:00:00,806.485419103986
2012-03-28 09:00:00,390.6586553306786
2012-03-28 10:00:00,225.65392710419513
2012-03-28 11:00:00,239.9418725784937
2012-03-28 12:00:00,312.2886694033249
2012-03-28 13:00:00,338.77981269134847
2012-03-28 14:00:00,318.6427788365121
2012-03-28 15:00:00,313.33367023179073
2012-03-28 16:00:00,165.0962920279128
2012-03-28 17:00:00,919.5323030900406
2012-03-28 18:00:00,893.6024414718786
2012-03-28 19:00:00,619.3986244345014
2012-03-28 20:00:00,427.51835696895466
2012-03-28 21:00:00,341.0956871529539
2012-03-28 22:00:00,252.71286181517178
2012-03-28 23:00:00,151.77493096684512
2012-03-29 00:00:00,61.51675448194657
2012-03-29 01:00:00,31.297144893591472
2012-03-29 02:00:00,12.130081102211038
2012-03-29 03:00:00,9.65346515412416
2012-03-29 04:00:00,8.575284457641898
2012-03-29 05:00:00,44.87561858408683
2012-03-29 06:00:00,173.63851363487802
2012-03-29 07:00:00,432.70548248374155
2012-03-29 08:00:00,879.4935918593653
2012-03-29 09:00:00,427.05079065435524
2012-03-29 10:00:00,220.22792172210532
2012-03-29 11:00:00,237.1169078440401
2012-03-29 12:00:00,322.37198163332897
2012-03-29 13:00:00,312.5700111616688
2012-03-29 14:00:00,276.7205990475848
2012-03-29 15:00:00,291.1882594279992
2012-03-29 16:00:00,427.0980198473115
2012-03-29 17:00:00,797.6445024919096
2012-03-29 18:00:00,663.6750269847629
2012-03-29 19:00:00,468.0362108901813
2012-03-29 20:00:00,336.2256715188829
2012-03-29 21:00:00,247.07027074305412
2012-03-29 22:00:00,190.44630871862913
2012-03-29 23:00:00,123.3242462366231
2012-03-30 00:00:00,63.09957627856758
2012-03-30 01:00:00,33.764447215884104
2012-03-30 02:00:00,12.352621564991525
2012-03-30 03:00:00,6.933793090712685
2012-03-30 04:00:00,7.077019402993946
2012-03-30 05:00:00,34.80967030791073
2012-03-30 06:00:00,137.24384438442254
2012-03-30 07:00:00,356.9719496531821
2012-03-30 08:00:00,844.6351156688817
2012-03-30 09:00:00,458.82884386857745
2012-03-30 10:00:00,240.38701256012064
2012-03-30 11:00:00,272.36781999291327
2012-03-30 12:00:00,307.9615839170475
2012-03-30 13:00:00,119.56814990554547
2012-03-30 14:00:00,112.93788397110211
2012-03-30 15:00:00,131.70387962588563
2012-03-30 16:00:00,147.48058058167848
2012-03-30 17:00:00,708.3050675305586
2012-03-30 18:00:00,627.3997960591372
2012-03-30 19:00:00,388.27880253151363
2012-03-30 20:00:00,285.7596273722243
2012-03-30 21:00:00,207.11710760008944
2012-03-30 22:00:00,177.90140284601856
2012-03-30 23:00:00,146.2802220066611
2012-03-31 00:00:00,116.96979094049591
2012-03-31 01:00:00,103.58937936622449
2012-03-31 02:00:00,62.64849406631428
2012-03-31 03:00:00,33.433492057323264
2012-03-31 04:00:00,11.187584996779423
2012-03-31 05:00:00,11.806741248928098
2012-03-31 06:00:00,26.346950105984167
2012-03-31 07:00:00,53.89161665476632
2012-03-31 08:00:00,151.63236883666855
2012-03-31 09:00:00,275.36117541476386
2012-03-31 10:00:00,383.6749730712273
2012-03-31 11:00:00,556.1467742133508
2012-03-31 12:00:00,714.1816797964037
2012-03-31 13:00:00,805.708718981828
2012-03-31 14:00:00,636.1628423014554
2012-03-31 15:00:00,637.0884761297599
2012-03-31 16:00:00,574.4871289815408
2012-03-31 17:00:00,559.3681923816933
2012-03-31 18:00:00,339.8330237609009
2012-03-31 19:00:00,308.0263862711154
2012-03-31 20:00:00,223.33428295992104
2012-03-31 21:00:00,184.2177683518523
2012-03-31 22:00:00,156.1420258202037
2012-03-31 23:00:00,133.49041703990704
2012-04-20 00:00:00,58.67036578917288
2012-04-20 01:00:00,26.337148348606927
2012-04-20 02:00:00,9.847992063535061
2012-04-20 03:00:00,5.850424729905022
2012-04-20 04:00:00,5.067253119454257
2012-04-20 05:00:00,27.186719154678997
2012-04-20 06:00:00,117.81199738482931
2012-04-20 07:00:00,338.1959087778651
2012-04-20 08:00:00,693.1073867448379
2012-04-20 09:00:00,355.1238941033166
2012-04-20 10:00:00,194.61498556585764
2012-04-20 11:00:00,231.5935638148499
2012-04-20 12:00:00,302.20727110224414
2012-04-20 13:00:00,322.6833246052691
2012-04-20 14:00:00,312.0179480029863
2012-04-20 15:00:00,326.2991541691551
2012-04-20 16:00:00,485.40200058323876
2012-04-20 17:00:00,743.8798561125313
2012-04-20 18:00:00,590.8074264844811
2012-04-20 19:00:00,440.81217542505186
2012-04-20 20:00:00,318.8887581190003
2012-04-20 21:00:00,227.93794539093378
2012-04-20 22:00:00,201.9673540684903
2012-04-20 23:00:00,129.1439406148945
2012-04-21 00:00:00,109.50414678764982
2012-04-21 01:00:00,80.60829750230155
2012-04-21 02:00:00,51.00866712305952
2012-04-21 03:00:00,30.309183107949142
2012-04-21 04:00:00,8.66543295424016
2012-04-21 05:00:00,10.014484343756546
2012-04-21 06:00:00,28.730050058286146
2012-04-21 07:00:00,65.4060371978263
2012-04-21 08:00:00,173.92062360652702
2012-04-21 09:00:00,242.34907414598425
2012-04-21 10:00:00,369.17786105801247
2012-04-21 11:00:00,445.78607247700467
2012-04-21 12:00:00,586.9804703843458
2012-04-21 13:00:00,589.605804706909
2012-04-21 14:00:00,583.5766651286675
2012-04-21 15:00:00,623.4075096389824
2012-04-21 16:00:00,573.5485564593664
2012-04-21 17:00:00,495.14611305050124
2012-04-21 18:00:00,382.9625884564499
2012-04-21 19:00:00,183.22941372630186
2012-04-21 20:00:00,106.65874916272702
2012-04-21 21:00:00,87.40678630279768
2012-04-21 22:00:00,122.31622406435231
2012-04-21 23:00:00,108.0671940858433
2012-04-22 00:00:00,88.67234286373325
2012-04-22 01:00:00,67.25584210869052
2012-04-22 02:00:00,45.45078919685787
2012-04-22 03:00:00,26.69019555297002
2012-04-22 04:00:00,10.797409038811217
2012-04-22 05:00:00,10.990633742163407
2012-04-22 06:00:00,19.09651432143591
2012-04-22 07:00:00,28.146128202614054
2012-04-22 08:00:00,61.230087292395794
2012-04-22 09:00:00,123.43430291171964
2012-04-22 10:00:00,142.180591374165
2012-04-22 11:00:00,135.27048145890413
2012-04-22 12:00:00,158.03516059612483
2012-04-22 13:00:00,196.97330627439453
2012-04-22 14:00:00,140.5966521757197
2012-04-22 15:00:00,147.14830982113483
2012-04-22 16:00:00,143.71932981388187
2012-04-22 17:00:00,82.85500275766225
2012-04-22 18:00:00,56.20384068103021
2012-04-22 19:00:00,78.038954754963
2012-04-22 20:00:00,54.97871749583913
2012-04-22 21:00:00,46.50068991988441
2012-04-22 22:00:00,33.504656933490594
2012-04-22 23:00:00,30.5851578802206
2012-04-23 00:00:00,15.029460512445539
2012-04-23 01:00:00,4.475356383475146
2012-04-23 02:00:00,4.417468280947363
2012-04-23 03:00:00,2.8252890826223447
2012-04-23 04:00:00,2.3342189319017983
2012-04-23 05:00:00,11.572172103586109
2012-04-23 06:00:00,91.1873283698183
2012-04-23 07:00:00,177.008884749153
2012-04-23 08:00:00,446.34140417049065
2012-04-23 09:00:00,211.67238492553048
2012-04-23 10:00:00,121.23718878646476
2012-04-23 11:00:00,130.86270879648933
2012-04-23 12:00:00,110.19814990367178
2012-04-23 13:00:00,123.2833971223638
2012-04-23 14:00:00,115.34529714743975
2012-04-23 15:00:00,162.73918374375208
2012-04-23 16:00:00,129.29296660971374
2012-04-23 17:00:00,237.82141201698292
2012-04-23 18:00:00,248.98621793476755
2012-04-23 19:00:00,256.59685571716756
2012-04-23 20:00:00,187.64145712792643
2012-04-23 21:00:00,122.85117462600442
2012-04-23 22:00:00,104.47739705812585
2012-04-23 23:00:00,59.947213425829425
2012-04-24 00:00:00,21.8309547140592
2012-04-24 01:00:00,9.433295241493392
2012-04-24 02:00:00,4.4577467242269835
2012-04-24 03:00:00,3.488968246034876
2012-04-24 04:00:00,4.156242264421905
2012-04-24 05:00:00,21.47170432304633
2012-04-24 06:00:00,116.97707826451658
2012-04-24 07:00:00,334.28757107975684
2012-04-24 08:00:00,617.9386790866515
2012-04-24 09:00:00,277.5271037060332
2012-04-24 10:00:00,164.69033213868764
2012-04-24 11:00:00,176.5415660350731
2012-04-24 12:00:00,218.74553289201347
2012-04-24 13:00:00,216.85803137096266
2012-04-24 14:00:00,204.60253359488246
2012-04-24 15:00:00,214.66654398719078
2012-04-24 16:00:00,333.4903869572988
2012-04-24 17:00:00,674.0853622392314
2012-04-24 18:00:00,526.7613173984773
2012-04-24 19:00:00,389.41856449777094
2012-04-24 20:00:00,247.70719799154364
2012-04-24 21:00:00,184.0268945784532
2012-04-24 22:00:00,140.68217642714845
2012-04-24 23:00:00,77.73067896501146
2012-04-25 00:00:00,40.11403041074986
2012-04-25 01:00:00,16.871714654975907
2012-04-25 02:00:00,5.1664217311685166
2012-04-25 03:00:00,4.783224672703983
2012-04-25 04:00:00,4.508659731640918
2012-04-25 05:00:00,25.65482920179457
2012-04-25 06:00:00,138.71456306667204
2012-04-25 07:00:00,374.12723516559464
2012-04-25 08:00:00,647.670163268702
2012-04-25 09:00:00,312.26815683643616
2012-04-25 10:00:00,182.675270228418
2012-04-25 11:00:00,193.15923217240027
2012-04-25 12:00:00,250.3999248270933
2012-04-25 13:00:00,258.8948054737308
2012-04-25 14:00:00,231.63669386285986
2012-04-25 15:00:00,259.73891154373524
2012-04-25 16:00:00,368.3369185553816
2012-04-25 17:00:00,688.5612759710634
2012-04-25 18:00:00,663.3811994736478
2012-04-25 19:00:00,485.8012219513866
2012-04-25 20:00:00,344.2336501221842
2012-04-25 21:00:00,195.9118047423844
2012-04-25 22:00:00,149.9645121953939
2012-04-25 23:00:00,82.39033055180683
2012-04-26 00:00:00,35.74852438636674
2012-04-26 01:00:00,17.404954512317538
2012-04-26 02:00:00,7.674582796455223
2012-04-26 03:00:00,5.507273189415219
2012-04-26 04:00:00,5.687690406846861
2012-04-26 05:00:00,29.74263368783184
2012-04-26 06:00:00,137.9693883431123
2012-04-26 07:00:00,214.53598042479183
2012-04-26 08:00:00,393.0684421559852
2012-04-26 09:00:00,127.16665331352061
2012-04-26 10:00:00,120.48178589321398
2012-04-26 11:00:00,116.56926990177635
2012-04-26 12:00:00,187.95460800634422
2012-04-26 13:00:00,185.79637377208962
2012-04-26 14:00:00,212.59508466329106
2012-04-26 15:00:00,168.57834558923298
2012-04-26 16:00:00,268.20111260883033
2012-04-26 17:00:00,644.417088994192
2012-04-26 18:00:00,606.0209283644178
2012-04-26 19:00:00,430.59237810909997
2012-04-26 20:00:00,338.73227538720823
2012-04-26 21:00:00,177.05241783329518
2012-04-26 22:00:00,133.9774059555944
2012-04-26 23:00:00,84.02296930368722
2012-04-27 00:00:00,59.66028312746969
2012-04-27 01:00:00,26.886692556084498
2012-04-27 02:00:00,11.089259566576398
2012-04-27 03:00:00,6.767448232720648
2012-04-27 04:00:00,6.7629328898499725
2012-04-27 05:00:00,32.839746607918215
2012-04-27 06:00:00,126.52090532426438
2012-04-27 07:00:00,294.33891439930505
2012-04-27 08:00:00,646.8779401795967
2012-04-27 09:00:00,400.80005732887327
2012-04-27 10:00:00,215.049678737988
2012-04-27 11:00:00,234.70488342789758
2012-04-27 12:00:00,284.2398687100545
2012-04-27 13:00:00,280.97502473652185
2012-04-27 14:00:00,265.02571082600116
2012-04-27 15:00:00,282.7483926284278
2012-04-27 16:00:00,435.7502519435679
2012-04-27 17:00:00,740.8225275466947
2012-04-27 18:00:00,492.69210804121644
2012-04-27 19:00:00,345.8195366074666
2012-04-27 20:00:00,241.69497780308052
2012-04-27 21:00:00,185.1934209372619
2012-04-27 22:00:00,171.28207958563254
2012-04-27 23:00:00,121.59061029858432
2012-04-28 00:00:00,104.22821189571324
2012-04-28 01:00:00,66.34464349506966
2012-04-28 02:00:00,49.45692579526852
2012-04-28 03:00:00,17.501655389242742
2012-04-28 04:00:00,9.680905618773988
2012-04-28 05:00:00,9.718201135399388
2012-04-28 06:00:00,25.512360870858323
2012-04-28 07:00:00,58.544170441819865
2012-04-28 08:00:00,151.0075184189842
2012-04-28 09:00:00,231.23728304620343
2012-04-28 10:00:00,321.3307390473926
2012-04-28 11:00:00,441.4477111504763
2012-04-28 12:00:00,477.99483626942975
2012-04-28 13:00:00,479.19612858788093
2012-04-28 14:00:00,532.3718162498432
2012-04-28 15:00:00,548.2770336562995
2012-04-28 16:00:00,488.14930692821383
2012-04-28 17:00:00,441.2986311083796
2012-04-28 18:00:00,208.21544896944403
2012-04-28 19:00:00,138.08376391320857
2012-04-28 20:00:00,184.5016935506019
2012-04-28 21:00:00,88.33465991574599
2012-04-28 22:00:00,115.72333808153915
2012-04-28 23:00:00,115.13974644533036
2012-04-29 00:00:00,47.65368831426912
2012-04-29 01:00:00,62.775170579582195
2012-04-29 02:00:00,38.41388805179187
2012-04-29 03:00:00,20.9736190934107
2012-04-29 04:00:00,10.073736646662931
2012-04-29 05:00:00,8.908213797085997
2012-04-29 06:00:00,16.458429332672306
2012-04-29 07:00:00,41.504172295363325
2012-04-29 08:00:00,99.06104016262596
2012-04-29 09:00:00,197.11609175959563
2012-04-29 10:00:00,337.04404803967986
2012-04-29 11:00:00,405.51384068432964
2012-04-29 12:00:00,593.1877762875787
2012-04-29 13:00:00,559.6805916963496
2012-04-29 14:00:00,582.5521261885654
2012-04-29 15:00:00,604.6209069669236
2012-04-29 16:00:00,582.712111463389
2012-04-29 17:00:00,505.13093974500947
2012-04-29 18:00:00,411.1336202588557
2012-04-29 19:00:00,364.9141538943915
2012-04-29 20:00:00,246.43911495300847
2012-04-29 21:00:00,161.9523736349937
2012-04-29 22:00:00,128.66432252750107
2012-04-29 23:00:00,75.93881252083902
2012-04-30 00:00:00,30.482291344521336
2012-04-30 01:00:00,13.096476983735654
2012-04-30 02:00:00,6.637638499057545
2012-04-30 03:00:00,3.3228271362623945
2012-04-30 04:00:00,4.171545490675795
2012-04-30 05:00:00,21.563562854511268
2012-04-30 06:00:00,108.00181388008441
2012-04-30 07:00:00,271.5351821702363
2012-04-30 08:00:00,532.3553324526051
2012-04-30 09:00:00,273.46747990864674
2012-04-30 10:00:00,155.16047723173784
2012-04-30 11:00:00,173.39043489580158
2012-04-30 12:00:00,204.3852033760232
2012-04-30 13:00:00,211.60146067737656
2012-04-30 14:00:00,191.24167169002772
2012-04-30 15:00:00,198.86252072643882
2012-04-30 16:00:00,344.62473100477473
2012-04-30 17:00:00,655.0012810901234
2012-04-30 18:00:00,610.0525395382722
2012-04-30 19:00:00,383.8517133605648
2012-04-30 20:00:00,221.27376137615042
2012-04-30 21:00:00,162.56639722217815
2012-04-30 22:00:00,120.98455300412917
2012-04-30 23:00:00,65.4272080950344
2012-05-20 00:00:00,128.58696203830394
2012-05-20 01:00:00,108.09577061209319
2012-05-20 02:00:00,69.09224448115091
2012-05-20 03:00:00,36.60420408475445
2012-05-20 04:00:00,12.966471103999364
2012-05-20 05:00:00,13.657344399322833
2012-05-20 06:00:00,21.87629642542413
2012-05-20 07:00:00,53.24386927341285
2012-05-20 08:00:00,113.70075264661419
2012-05-20 09:00:00,276.4240512929228
2012-05-20 10:00:00,405.1103208455595
2012-05-20 11:00:00,466.6450113802031
2012-05-20 12:00:00,637.7429911422329
2012-05-20 13:00:00,616.6154799155042
2012-05-20 14:00:00,570.5584022947135
2012-05-20 15:00:00,524.8368986637574
2012-05-20 16:00:00,571.0706859317322
2012-05-20 17:00:00,530.7900429197944
2012-05-20 18:00:00,441.8498907300374
2012-05-20 19:00:00,366.5337857599079
2012-05-20 20:00:00,269.46955926084877
2012-05-20 21:00:00,215.19699618048222
2012-05-20 22:00:00,172.57161109178486
2012-05-20 23:00:00,66.04830545903592
2012-05-21 00:00:00,20.06224272815648
2012-05-21 01:00:00,9.07716007357877
2012-05-21 02:00:00,6.865352448247024
2012-05-21 03:00:00,3.666016253272679
2012-05-21 04:00:00,3.6789944787440065
2012-05-21 05:00:00,14.792719625912827
2012-05-21 06:00:00,56.02964358583158
2012-05-21 07:00:00,164.36146741477742
2012-05-21 08:00:00,254.3110303004806
2012-05-21 09:00:00,151.5811003411738
2012-05-21 10:00:00,73.05250610780836
2012-05-21 11:00:00,157.9705358244471
2012-05-21 12:00:00,200.76665600075304
2012-05-21 13:00:00,157.201555362848
2012-05-21 14:00:00,141.43275111155899
2012-05-21 15:00:00,224.01146748356743
2012-05-21 16:00:00,333.7732521062416
2012-05-21 17:00:00,607.8653975922666
2012-05-21 18:00:00,719.0236517520219
2012-05-21 19:00:00,465.3741622193868
2012-05-21 20:00:00,340.5016875035639
2012-05-21 21:00:00,245.7555297173564
2012-05-21 22:00:00,172.71472065770715
2012-05-21 23:00:00,100.22184969942442
2012-05-22 00:00:00,37.714770196891344
2012-05-22 01:00:00,14.524686848638027
2012-05-22 02:00:00,6.875524403265
2012-05-22 03:00:00,5.062741010142319
2012-05-22 04:00:00,6.153999188664644
2012-05-22 05:00:00,17.898414396199506
2012-05-22 06:00:00,75.48776136109609
2012-05-22 07:00:00,222.0982226389236
2012-05-22 08:00:00,602.2545449344809
2012-05-22 09:00:00,283.19437506074337
2012-05-22 10:00:00,175.90222662565225
2012-05-22 11:00:00,200.99552106220588
2012-05-22 12:00:00,246.2602909177855
2012-05-22 13:00:00,243.11085252667127
2012-05-22 14:00:00,218.72612986864175
2012-05-22 15:00:00,261.1269304419246
2012-05-22 16:00:00,385.6049555768692
2012-05-22 17:00:00,845.5364332219945
2012-05-22 18:00:00,768.0343197559737
2012-05-22 19:00:00,544.2180762484513
2012-05-22 20:00:00,376.0143758306436
2012-05-22 21:00:00,293.4734658777258
2012-05-22 22:00:00,213.51546898551175
2012-05-22 23:00:00,126.55057734191078
2012-05-23 00:00:00,48.1525352358323
2012-05-23 01:00:00,19.763117049027787
2012-05-23 02:00:00,8.136399682849417
2012-05-23 03:00:00,6.991022939200894
2012-05-23 04:00:00,5.23969887410652
2012-05-23 05:00:00,17.422419117239517
2012-05-23 06:00:00,148.58146284493964
2012-05-23 07:00:00,470.5790530310054
2012-05-23 08:00:00,675.8820227020121
2012-05-23 09:00:00,305.0146498719155
2012-05-23 10:00:00,189.8986469204564
2012-05-23 11:00:00,215.7200157468026
2012-05-23 12:00:00,244.33012685502428
2012-05-23 13:00:00,242.85981103293895
2012-05-23 14:00:00,246.81050247911054
2012-05-23 15:00:00,242.39936134936616
2012-05-23 16:00:00,209.48435062751523
2012-05-23 17:00:00,301.152534842674
2012-05-23 18:00:00,351.28086961900084
2012-05-23 19:00:00,436.0321606386932
2012-05-23 20:00:00,314.35151269055075
2012-05-23 21:00:00,238.1712752967348
2012-05-23 22:00:00,179.303636357975
2012-05-23 23:00:00,118.04695920788336
2012-05-24 00:00:00,53.84532360237508
2012-05-24 01:00:00,21.927555669046146
2012-05-24 02:00:00,10.537596120505805
2012-05-24 03:00:00,6.124093231795427
2012-05-24 04:00:00,6.869374337000732
2012-05-24 05:00:00,34.59013743923386
2012-05-24 06:00:00,137.94007699276725
2012-05-24 07:00:00,474.5133111347712
2012-05-24 08:00:00,700.4014088182687
2012-05-24 09:00:00,329.51651077861203
2012-05-24 10:00:00,193.55454948984533
2012-05-24 11:00:00,214.1580154024285
2012-05-24 12:00:00,307.2479857151577
2012-05-24 13:00:00,303.88977720944035
2012-05-24 14:00:00,274.76546972936666
2012-05-24 15:00:00,280.55106810019396
2012-05-24 16:00:00,391.81806286417685
2012-05-24 17:00:00,732.0155475672614
2012-05-24 18:00:00,767.9481291590209
2012-05-24 19:00:00,539.9897161574195
2012-05-24 20:00:00,360.6684290244856
2012-05-24 21:00:00,195.2622097785935
2012-05-24 22:00:00,219.4468440230854
2012-05-24 23:00:00,152.1936141368945
2012-05-25 00:00:00,72.18782718168578
2012-05-25 01:00:00,35.02919588101318
2012-05-25 02:00:00,14.325601285181191
2012-05-25 03:00:00,6.771665700878158
2012-05-25 04:00:00,7.248203313879916
2012-05-25 05:00:00,34.375006656086505
2012-05-25 06:00:00,126.24404889513968
2012-05-25 07:00:00,352.5994895798137
2012-05-25 08:00:00,626.4150418267889
2012-05-25 09:00:00,337.86479273787666
2012-05-25 10:00:00,229.92616544278124
2012-05-25 11:00:00,216.2917814361912
2012-05-25 12:00:00,333.5486161796684
2012-05-25 13:00:00,333.9138994066609
2012-05-25 14:00:00,317.3040556336674
2012-05-25 15:00:00,322.1995368569531
2012-05-25 16:00:00,489.0958013686798
2012-05-25 17:00:00,745.6656408843302
2012-05-25 18:00:00,710.7384696334506
2012-05-25 19:00:00,505.01164514647945
2012-05-25 20:00:00,362.73880630698295
2012-05-25 21:00:00,283.249594239088
2012-05-25 22:00:00,239.70301741074408
2012-05-25 23:00:00,202.29980820392277
2012-05-26 00:00:00,139.72761433490902
2012-05-26 01:00:00,103.91819595322205
2012-05-26 02:00:00,67.33129216811362
2012-05-26 03:00:00,35.52341205730369
2012-05-26 04:00:00,11.78479907203268
2012-05-26 05:00:00,13.35599308242414
2012-05-26 06:00:00,28.66841382347587
2012-05-26 07:00:00,61.844825790835905
2012-05-26 08:00:00,159.41527060848648
2012-05-26 09:00:00,243.4381418099766
2012-05-26 10:00:00,371.50305316740656
2012-05-26 11:00:00,468.7905942747441
2012-05-26 12:00:00,602.2169993051205
2012-05-26 13:00:00,607.8946800629811
2012-05-26 14:00:00,576.3295576624714
2012-05-26 15:00:00,570.7449585263078
2012-05-26 16:00:00,583.3251469243612
2012-05-26 17:00:00,494.18763519109797
2012-05-26 18:00:00,439.0220454555068
2012-05-26 19:00:00,357.2338427874905
2012-05-26 20:00:00,311.71317697529
2012-05-26 21:00:00,246.19085595671794
2012-05-26 22:00:00,213.7103045551984
2012-05-26 23:00:00,198.78916921173894
2012-05-27 00:00:00,109.15994400373408
2012-05-27 01:00:00,103.43340864096842
2012-05-27 02:00:00,67.79475627014345
2012-05-27 03:00:00,33.96302721295752
2012-05-27 04:00:00,15.168253538168152
2012-05-27 05:00:00,15.186148535588018
2012-05-27 06:00:00,23.072450989348162
2012-05-27 07:00:00,52.66220730175179
2012-05-27 08:00:00,116.81465542398433
2012-05-27 09:00:00,252.76100377255733
2012-05-27 10:00:00,393.94219290268643
2012-05-27 11:00:00,467.92635891816195
2012-05-27 12:00:00,628.6992262059782
2012-05-27 13:00:00,618.4003432738341
2012-05-27 14:00:00,592.1230648039701
2012-05-27 15:00:00,574.2706836608276
2012-05-27 16:00:00,554.7680709519162
2012-05-27 17:00:00,520.8603796599614
2012-05-27 18:00:00,449.7175336217799
2012-05-27 19:00:00,402.30432937168126
2012-05-27 20:00:00,286.8479960585658
2012-05-27 21:00:00,154.08774075438592
2012-05-27 22:00:00,97.66711670151487
2012-05-27 23:00:00,62.7151089130622
2012-05-28 00:00:00,79.07437924723969
2012-05-28 01:00:00,41.17919888086185
2012-05-28 02:00:00,27.276012447988847
2012-05-28 03:00:00,12.715894307980559
2012-05-28 04:00:00,11.149558155334473
2012-05-28 05:00:00,22.376707797931243
2012-05-28 06:00:00,91.855663519155
2012-05-28 07:00:00,221.52148119048854
2012-05-28 08:00:00,390.9781089836418
2012-05-28 09:00:00,213.56587771736739
2012-05-28 10:00:00,258.95244096089834
2012-05-28 11:00:00,329.951856940404
2012-05-28 12:00:00,418.49928413588754
2012-05-28 13:00:00,356.69662437223917
2012-05-28 14:00:00,321.73030165952
2012-05-28 15:00:00,345.79669849862034
2012-05-28 16:00:00,335.4733753968899
2012-05-28 17:00:00,305.7962094526605
2012-05-28 18:00:00,444.22783425555065
2012-05-28 19:00:00,353.35035767749423
2012-05-28 20:00:00,355.09528168628054
2012-05-28 21:00:00,188.63669901967882
2012-05-28 22:00:00,162.80447097218845
2012-05-28 23:00:00,108.3576847490086
2012-05-29 00:00:00,36.94209602576541
2012-05-29 01:00:00,15.903320256463395
2012-05-29 02:00:00,7.589396466111049
2012-05-29 03:00:00,4.997990301990403
2012-05-29 04:00:00,7.760173739971576
2012-05-29 05:00:00,36.197463025542696
2012-05-29 06:00:00,162.82108615823654
2012-05-29 07:00:00,480.00215356429766
2012-05-29 08:00:00,691.5414735528275
2012-05-29 09:00:00,321.46455273209943
2012-05-29 10:00:00,174.40572580954162
2012-05-29 11:00:00,204.73186435349638
2012-05-29 12:00:00,257.5387216832366
2012-05-29 13:00:00,259.99489246864385
2012-05-29 14:00:00,238.19487201822463
2012-05-29 15:00:00,257.5263746827534
2012-05-29 16:00:00,384.76717687664916
2012-05-29 17:00:00,803.1530239098503
2012-05-29 18:00:00,751.2854779433117
2012-05-29 19:00:00,561.9064137806754
2012-05-29 20:00:00,284.5574503685558
2012-05-29 21:00:00,111.99536785574568
2012-05-29 22:00:00,170.36272932022126
2012-05-29 23:00:00,65.1893086612311
2012-05-30 00:00:00,27.976471861465576
2012-05-30 01:00:00,9.47283042732296
2012-05-30 02:00:00,6.936250464163178
2012-05-30 03:00:00,3.910352631255563
2012-05-30 04:00:00,6.438025035419646
2012-05-30 05:00:00,34.60856002629932
2012-05-30 06:00:00,157.91365374892416
2012-05-30 07:00:00,242.07824959492194
2012-05-30 08:00:00,651.1729875706425
2012-05-30 09:00:00,296.7156632062637
2012-05-30 10:00:00,167.70559021241428
2012-05-30 11:00:00,212.15189082333512
2012-05-30 12:00:00,278.89109330699745
2012-05-30 13:00:00,278.7283213364427
2012-05-30 14:00:00,261.91302428642337
2012-05-30 15:00:00,271.7525763649372
2012-05-30 16:00:00,406.618201710037
2012-05-30 17:00:00,763.1967919031431
2012-05-30 18:00:00,790.0325153298894
2012-05-30 19:00:00,559.7844311638877
2012-05-30 20:00:00,376.05775059996313
2012-05-30 21:00:00,310.3687405738026
2012-05-30 22:00:00,219.0565850731731
2012-05-30 23:00:00,134.26426911122732
2012-05-31 00:00:00,54.09666702771318
2012-05-31 01:00:00,23.229713567829567
2012-05-31 02:00:00,11.310344923831108
2012-05-31 03:00:00,7.3458891451981145
2012-05-31 04:00:00,8.504613077031273
2012-05-31 05:00:00,42.30103828161375
2012-05-31 06:00:00,163.82506005390297
2012-05-31 07:00:00,475.94059494627805
2012-05-31 08:00:00,686.7487881662288
2012-05-31 09:00:00,344.46955272295924
2012-05-31 10:00:00,194.2672765216543
2012-05-31 11:00:00,217.17926557623207
2012-05-31 12:00:00,312.0031560054586
2012-05-31 13:00:00,313.9910648731512
2012-05-31 14:00:00,272.587383168925
2012-05-31 15:00:00,274.0258553765351
2012-05-31 16:00:00,401.91753173225686
2012-05-31 17:00:00,797.073591152007
2012-05-31 18:00:00,837.5567219678153
2012-05-31 19:00:00,584.3073047366811
2012-05-31 20:00:00,402.41586736550005
2012-05-31 21:00:00,310.432836154259
2012-05-31 22:00:00,240.11023077085886
2012-05-31 23:00:00,158.98805391156077
2012-06-20 00:00:00,49.16445089731587
2012-06-20 01:00:00,20.732256011618293
2012-06-20 02:00:00,7.830851713825139
2012-06-20 03:00:00,6.510095952240842
2012-06-20 04:00:00,7.905042459905767
2012-06-20 05:00:00,37.91571550436034
2012-06-20 06:00:00,173.81438797226642
2012-06-20 07:00:00,493.1613789514858
2012-06-20 08:00:00,742.0202407639994
2012-06-20 09:00:00,336.71263672690264
2012-06-20 10:00:00,212.25421273285687
2012-06-20 11:00:00,205.4728314967083
2012-06-20 12:00:00,250.95471411604666
2012-06-20 13:00:00,252.68574092602518
2012-06-20 14:00:00,240.3567326971093
2012-06-20 15:00:00,246.7189937574829
2012-06-20 16:00:00,368.6477485558957
2012-06-20 17:00:00,687.784192184681
2012-06-20 18:00:00,719.7714871516816
2012-06-20 19:00:00,508.6512895676965
2012-06-20 20:00:00,409.18495410374106
2012-06-20 21:00:00,307.0924308979371
2012-06-20 22:00:00,233.36097973239862
2012-06-20 23:00:00,145.9067761053448
2012-06-21 00:00:00,69.89486921183256
2012-06-21 01:00:00,29.00219976407844
2012-06-21 02:00:00,16.1893237004611
2012-06-21 03:00:00,8.661186803510734
2012-06-21 04:00:00,10.962763208929363
2012-06-21 05:00:00,52.94083195437913
2012-06-21 06:00:00,224.04844270820183
2012-06-21 07:00:00,629.6291983197019
2012-06-21 08:00:00,973.605965549513
2012-06-21 09:00:00,443.3167268434598
2012-06-21 10:00:00,232.5554929793923
2012-06-21 11:00:00,250.01576844862134
2012-06-21 12:00:00,337.70494457227653
2012-06-21 13:00:00,339.8668681014822
2012-06-21 14:00:00,298.64674658214904
2012-06-21 15:00:00,317.4823226902725
2012-06-21 16:00:00,466.3199851512119
2012-06-21 17:00:00,864.0501216350732
2012-06-21 18:00:00,893.7460592435827
2012-06-21 19:00:00,636.6564443919688
2012-06-21 20:00:00,515.3269450638657
2012-06-21 21:00:00,401.21265478967484
2012-06-21 22:00:00,258.2183225584401
2012-06-21 23:00:00,201.60109162364577
2012-06-22 00:00:00,82.5061561941758
2012-06-22 01:00:00,45.147819394119345
2012-06-22 02:00:00,22.051502461263304
2012-06-22 03:00:00,8.64359805312477
2012-06-22 04:00:00,10.23138626805178
2012-06-22 05:00:00,47.97565207913377
2012-06-22 06:00:00,195.2499609217839
2012-06-22 07:00:00,594.2515977954358
2012-06-22 08:00:00,988.12654603522
2012-06-22 09:00:00,539.6732737732798
2012-06-22 10:00:00,323.56257209910245
2012-06-22 11:00:00,355.9489898781837
2012-06-22 12:00:00,379.62783853760936
2012-06-22 13:00:00,372.79775835759636
2012-06-22 14:00:00,346.3696094243459
2012-06-22 15:00:00,366.6021961178824
2012-06-22 16:00:00,545.2334333964131
2012-06-22 17:00:00,960.2504288427835
2012-06-22 18:00:00,856.9618730662578
2012-06-22 19:00:00,610.0918131045609
2012-06-22 20:00:00,445.343713677223
2012-06-22 21:00:00,292.48613684754685
2012-06-22 22:00:00,300.9926867373854
2012-06-22 23:00:00,233.93001483606344
2012-06-23 00:00:00,175.1966127369693
2012-06-23 01:00:00,129.9735747872754
2012-06-23 02:00:00,90.89817955792994
2012-06-23 03:00:00,37.27163777734342
2012-06-23 04:00:00,14.319415250588056
2012-06-23 05:00:00,15.37865789881289
2012-06-23 06:00:00,43.60299472617548
2012-06-23 07:00:00,106.62986779839025
2012-06-23 08:00:00,222.7088388604402
2012-06-23 09:00:00,340.7621787046223
2012-06-23 10:00:00,544.6086195006727
2012-06-23 11:00:00,678.1001114154059
2012-06-23 12:00:00,801.9042824877928
2012-06-23 13:00:00,822.1247399271454
2012-06-23 14:00:00,762.5984998502327
2012-06-23 15:00:00,810.2409134041669
2012-06-23 16:00:00,791.3548951799415
2012-06-23 17:00:00,702.7609620628092
2012-06-23 18:00:00,595.5885088380924
2012-06-23 19:00:00,506.9033117932978
2012-06-23 20:00:00,412.3150459212803
2012-06-23 21:00:00,335.5070889716518
2012-06-23 22:00:00,278.9068499393931
2012-06-23 23:00:00,246.61616768707415
2012-06-24 00:00:00,211.88382443332787
2012-06-24 01:00:00,158.154492639621
2012-06-24 02:00:00,126.56019819586177
2012-06-24 03:00:00,48.804398228497455
2012-06-24 04:00:00,16.576259070121907
2012-06-24 05:00:00,17.56308701922745
2012-06-24 06:00:00,29.67842494300737
2012-06-24 07:00:00,74.25095230380002
2012-06-24 08:00:00,145.62738395199133
2012-06-24 09:00:00,323.24158015090137
2012-06-24 10:00:00,515.9281029609816
2012-06-24 11:00:00,569.0651421486368
2012-06-24 12:00:00,745.545212810058
2012-06-24 13:00:00,734.9300124631494
2012-06-24 14:00:00,703.4019859388117
2012-06-24 15:00:00,705.9373134723716
2012-06-24 16:00:00,689.9016966996195
2012-06-24 17:00:00,622.6136030418617
2012-06-24 18:00:00,549.6288904239274
2012-06-24 19:00:00,463.38285604579295
2012-06-24 20:00:00,314.8353855821574
2012-06-24 21:00:00,281.15058208986295
2012-06-24 22:00:00,217.77082577673835
2012-06-24 23:00:00,131.16115702976998
2012-06-25 00:00:00,56.82721823257881
2012-06-25 01:00:00,24.237412599878848
2012-06-25 02:00:00,14.632451565067358
2012-06-25 03:00:00,7.100495132856111
2012-06-25 04:00:00,10.580437876353354
2012-06-25 05:00:00,46.41159751197324
2012-06-25 06:00:00,201.88960753803133
2012-06-25 07:00:00,606.1650834841171
2012-06-25 08:00:00,868.034678109542
2012-06-25 09:00:00,440.86666915553093
2012-06-25 10:00:00,267.0184181373192
2012-06-25 11:00:00,293.4113874002862
2012-06-25 12:00:00,331.4562459539602
2012-06-25 13:00:00,379.14666244987563
2012-06-25 14:00:00,348.81403831460744
2012-06-25 15:00:00,363.96932304605906
2012-06-25 16:00:00,524.334255643924
2012-06-25 17:00:00,985.7664971935827
2012-06-25 18:00:00,1050.5645001167384
2012-06-25 19:00:00,697.1845381282487
2012-06-25 20:00:00,478.3630787458884
2012-06-25 21:00:00,348.3946854377331
2012-06-25 22:00:00,257.89881696704896
2012-06-25 23:00:00,141.18173465823523
2012-06-26 00:00:00,55.15876980451789
2012-06-26 01:00:00,23.306406703289678
2012-06-26 02:00:00,13.071909647427127
2012-06-26 03:00:00,8.089631785666837
2012-06-26 04:00:00,11.873467915858415
2012-06-26 05:00:00,47.50799845842641
2012-06-26 06:00:00,195.47608887787348
2012-06-26 07:00:00,602.5028657117241
2012-06-26 08:00:00,971.6020639143726
2012-06-26 09:00:00,455.90991051143334
2012-06-26 10:00:00,268.85914892947073
2012-06-26 11:00:00,288.3802177101568
2012-06-26 12:00:00,356.8827447137048
2012-06-26 13:00:00,356.90091657159326
2012-06-26 14:00:00,332.0711433608071
2012-06-26 15:00:00,356.0597900906965
2012-06-26 16:00:00,523.8973064555448
2012-06-26 17:00:00,1103.0509466368967
2012-06-26 18:00:00,1022.0655928994905
2012-06-26 19:00:00,742.7105435894131
2012-06-26 20:00:00,500.4695432083515
2012-06-26 21:00:00,378.4506658695709
2012-06-26 22:00:00,277.47749330791834
2012-06-26 23:00:00,152.44237178057443
2012-06-27 00:00:00,65.70565738378892
2012-06-27 01:00:00,27.949220657795106
2012-06-27 02:00:00,12.774525908255798
2012-06-27 03:00:00,9.284560943741216
2012-06-27 04:00:00,10.31598772297957
2012-06-27 05:00:00,51.17033793652079
2012-06-27 06:00:00,223.88118202957537
2012-06-27 07:00:00,688.9560240067121
2012-06-27 08:00:00,993.5911058210919
2012-06-27 09:00:00,471.7849898500557
2012-06-27 10:00:00,275.30930228824536
2012-06-27 11:00:00,298.4617926734931
2012-06-27 12:00:00,357.5878781685692
2012-06-27 13:00:00,360.62251466938443
2012-06-27 14:00:00,340.5057573740277
2012-06-27 15:00:00,354.68937956614013
2012-06-27 16:00:00,520.7040565382014
2012-06-27 17:00:00,986.1829431323038
2012-06-27 18:00:00,1020.8517643241437
2012-06-27 19:00:00,723.5893093994455
2012-06-27 20:00:00,505.56994309510816
2012-06-27 21:00:00,386.4502402486206
2012-06-27 22:00:00,286.20650678305424
2012-06-27 23:00:00,172.9166439505379
2012-06-28 00:00:00,73.43953436668845
2012-06-28 01:00:00,31.309309525481133
2012-06-28 02:00:00,17.253862853830775
2012-06-28 03:00:00,8.939180264631727
2012-06-28 04:00:00,11.437673816132383
2012-06-28 05:00:00,57.31665372250007
2012-06-28 06:00:00,223.6328664880241
2012-06-28 07:00:00,688.6534974778067
2012-06-28 08:00:00,970.2126949485189
2012-06-28 09:00:00,448.95774308233354
2012-06-28 10:00:00,269.540822236298
2012-06-28 11:00:00,292.16730937158263
2012-06-28 12:00:00,394.8354820413261
2012-06-28 13:00:00,396.62962886869826
2012-06-28 14:00:00,349.2663161026111
2012-06-28 15:00:00,364.99129624828515
2012-06-28 16:00:00,543.3430208696673
2012-06-28 17:00:00,995.6607264278585
2012-06-28 18:00:00,1049.172368699819
2012-06-28 19:00:00,740.3872841056079
2012-06-28 20:00:00,515.0165163954837
2012-06-28 21:00:00,403.9357954073227
2012-06-28 22:00:00,308.09345207634004
2012-06-28 23:00:00,195.56421106074302
2012-06-29 00:00:00,101.25254062290148
2012-06-29 01:00:00,46.86172627812223
2012-06-29 02:00:00,23.624026886176573
2012-06-29 03:00:00,9.444129808988881
2012-06-29 04:00:00,11.319476942451956
2012-06-29 05:00:00,51.746793414938935
2012-06-29 06:00:00,193.30101210847516
2012-06-29 07:00:00,610.0688352409585
2012-06-29 08:00:00,936.4062547191411
2012-06-29 09:00:00,541.399554734993
2012-06-29 10:00:00,282.4577275519047
2012-06-29 11:00:00,267.25996505744087
2012-06-29 12:00:00,311.8816988796216
2012-06-29 13:00:00,333.37531121478423
2012-06-29 14:00:00,310.22508332656145
2012-06-29 15:00:00,334.3945297191074
2012-06-29 16:00:00,489.31659860866415
2012-06-29 17:00:00,799.8204085727651
2012-06-29 18:00:00,730.2186106420952
2012-06-29 19:00:00,511.1227638846012
2012-06-29 20:00:00,412.69404248609374
2012-06-29 21:00:00,289.80448359019675
2012-06-29 22:00:00,221.10753168421647
2012-06-29 23:00:00,167.28188521295402
2012-06-30 00:00:00,73.33686455959975
2012-06-30 01:00:00,53.42050108720398
2012-06-30 02:00:00,81.96796902166031
2012-06-30 03:00:00,32.96848716925291
2012-06-30 04:00:00,13.161396797664999
2012-06-30 05:00:00,13.939181265554163
2012-06-30 06:00:00,36.86529418839329
2012-06-30 07:00:00,89.69505073696003
2012-06-30 08:00:00,185.33552329411995
2012-06-30 09:00:00,272.9203460670979
2012-06-30 10:00:00,537.3484984322703
2012-06-30 11:00:00,658.1892069844295
2012-06-30 12:00:00,785.1025497393256
2012-06-30 13:00:00,794.4502219992149
2012-06-30 14:00:00,759.6332331973424
2012-06-30 15:00:00,796.9699185989933
2012-06-30 16:00:00,661.0643242227084
2012-06-30 17:00:00,672.9481838014993
2012-06-30 18:00:00,525.9517952968171
2012-06-30 19:00:00,497.2445826502833
2012-06-30 20:00:00,421.4045777454799
2012-06-30 21:00:00,348.5428364545396
2012-06-30 22:00:00,283.5913338309818
2012-06-30 23:00:00,250.91064169557538
2012-07-20 00:00:00,44.085304999933136
2012-07-20 01:00:00,29.57944511446864
2012-07-20 02:00:00,14.438999988374851
2012-07-20 03:00:00,6.102780053258431
2012-07-20 04:00:00,6.1537648781776175
2012-07-20 05:00:00,32.136622588280595
2012-07-20 06:00:00,114.28009309541348
2012-07-20 07:00:00,342.0334783830839
2012-07-20 08:00:00,658.3329363419738
2012-07-20 09:00:00,372.2590917017709
2012-07-20 10:00:00,220.3508624492092
2012-07-20 11:00:00,176.44697187216966
2012-07-20 12:00:00,189.89777614258793
2012-07-20 13:00:00,190.84651547425014
2012-07-20 14:00:00,176.74438014263728
2012-07-20 15:00:00,259.1492810163193
2012-07-20 16:00:00,379.9967159204403
2012-07-20 17:00:00,529.0788503835192
2012-07-20 18:00:00,660.2509111216236
2012-07-20 19:00:00,396.59036783119507
2012-07-20 20:00:00,203.64599150701926
2012-07-20 21:00:00,151.24723707016872
2012-07-20 22:00:00,195.6536263763473
2012-07-20 23:00:00,166.27285288830853
2012-07-21 00:00:00,91.35851507424576
2012-07-21 01:00:00,94.83963542882195
2012-07-21 02:00:00,53.38691870455549
2012-07-21 03:00:00,16.396268781556003
2012-07-21 04:00:00,6.851419435059578
2012-07-21 05:00:00,5.798590226066151
2012-07-21 06:00:00,11.35890746066546
2012-07-21 07:00:00,61.96157967872203
2012-07-21 08:00:00,146.4441342034829
2012-07-21 09:00:00,241.5503807794151
2012-07-21 10:00:00,146.99090544359913
2012-07-21 11:00:00,395.02810859723274
2012-07-21 12:00:00,291.070673796572
2012-07-21 13:00:00,295.1832530682967
2012-07-21 14:00:00,404.1241875505912
2012-07-21 15:00:00,208.31595518908713
2012-07-21 16:00:00,199.7415645680835
2012-07-21 17:00:00,180.02573483088298
2012-07-21 18:00:00,295.9602158841639
2012-07-21 19:00:00,270.1301161211885
2012-07-21 20:00:00,121.54752625645177
2012-07-21 21:00:00,204.78700405653518
2012-07-21 22:00:00,161.61605904717536
2012-07-21 23:00:00,151.48670855782234
2012-07-22 00:00:00,126.56733645443752
2012-07-22 01:00:00,102.1626743875118
2012-07-22 02:00:00,84.27079148924207
2012-07-22 03:00:00,36.35329039071383
2012-07-22 04:00:00,10.735854813169775
2012-07-22 05:00:00,11.520043927643359
2012-07-22 06:00:00,19.791198616760752
2012-07-22 07:00:00,48.95542458291252
2012-07-22 08:00:00,92.71207589560241
2012-07-22 09:00:00,211.9943004102184
2012-07-22 10:00:00,327.5903990566749
2012-07-22 11:00:00,420.7313156071819
2012-07-22 12:00:00,498.0488173079902
2012-07-22 13:00:00,484.61784477115697
2012-07-22 14:00:00,500.6923661322196
2012-07-22 15:00:00,513.863135596099
2012-07-22 16:00:00,515.3771818074135
2012-07-22 17:00:00,462.1581153261823
2012-07-22 18:00:00,415.6411608376159
2012-07-22 19:00:00,338.31937055076844
2012-07-22 20:00:00,242.7860260633123
2012-07-22 21:00:00,194.72955596235755
2012-07-22 22:00:00,160.1903833404444
2012-07-22 23:00:00,87.81763118162007
2012-07-23 00:00:00,36.78108140825922
2012-07-23 01:00:00,15.242941283821082
2012-07-23 02:00:00,6.8229648986011195
2012-07-23 03:00:00,3.2768681623119855
2012-07-23 04:00:00,4.544651450485061
2012-07-23 05:00:00,23.4178318577156
2012-07-23 06:00:00,121.2712311541177
2012-07-23 07:00:00,405.0403319308616
2012-07-23 08:00:00,576.115211873301
2012-07-23 09:00:00,322.7024504702288
2012-07-23 10:00:00,190.954360216239
2012-07-23 11:00:00,217.46465412905232
2012-07-23 12:00:00,266.49989656084284
2012-07-23 13:00:00,278.7461586705386
2012-07-23 14:00:00,258.3436165741497
2012-07-23 15:00:00,263.9181430257166
2012-07-23 16:00:00,394.3854456384741
2012-07-23 17:00:00,735.8662549244922
2012-07-23 18:00:00,789.4246874299366
2012-07-23 19:00:00,527.4953683121964
2012-07-23 20:00:00,376.6598772705992
2012-07-23 21:00:00,269.5160064145501
2012-07-23 22:00:00,205.47273232666046
2012-07-23 23:00:00,108.64311584591297
2012-07-24 00:00:00,40.06714957843241
2012-07-24 01:00:00,16.196954102489162
2012-07-24 02:00:00,8.922302606909357
2012-07-24 03:00:00,5.5416178689324775
2012-07-24 04:00:00,7.712684772995814
2012-07-24 05:00:00,36.863445031092425
2012-07-24 06:00:00,151.1498953147886
2012-07-24 07:00:00,467.7071018598532
2012-07-24 08:00:00,677.7534166868791
2012-07-24 09:00:00,297.9632851607499
2012-07-24 10:00:00,175.99141350815384
2012-07-24 11:00:00,190.0617289254698
2012-07-24 12:00:00,225.24934200616772
2012-07-24 13:00:00,223.04145173367255
2012-07-24 14:00:00,211.00363109588864
2012-07-24 15:00:00,260.3840427548377
2012-07-24 16:00:00,385.9876791048848
2012-07-24 17:00:00,845.9321470322956
2012-07-24 18:00:00,757.4042010264171
2012-07-24 19:00:00,565.6297145435714
2012-07-24 20:00:00,394.2625110405541
2012-07-24 21:00:00,298.60811612372834
2012-07-24 22:00:00,217.92065214805035
2012-07-24 23:00:00,125.10877774605063
2012-07-25 00:00:00,49.62128443527078
2012-07-25 01:00:00,20.938992304989696
2012-07-25 02:00:00,9.512908765110273
2012-07-25 03:00:00,6.983851180418718
2012-07-25 04:00:00,7.478922949982611
2012-07-25 05:00:00,37.79368378365521
2012-07-25 06:00:00,163.98384768252618
2012-07-25 07:00:00,470.5063034030423
2012-07-25 08:00:00,676.8146056515236
2012-07-25 09:00:00,347.86398817634114
2012-07-25 10:00:00,208.66338597188596
2012-07-25 11:00:00,220.0716797033201
2012-07-25 12:00:00,273.2996230473987
2012-07-25 13:00:00,271.41546423031116
2012-07-25 14:00:00,255.95209818788055
2012-07-25 15:00:00,268.9733975789255
2012-07-25 16:00:00,398.85671722855864
2012-07-25 17:00:00,741.97229456631635
2012-07-25 18:00:00,775.6505401890977
2012-07-25 19:00:00,545.2616974535734
2012-07-25 20:00:00,388.62822409065143
2012-07-25 21:00:00,294.3327491381587
2012-07-25 22:00:00,229.23344787860998
2012-07-25 23:00:00,135.6835042167234
2012-07-26 00:00:00,55.54916404059463
2012-07-26 01:00:00,22.71595537125131
2012-07-26 02:00:00,12.63202650630982
2012-07-26 03:00:00,7.084570394048159
2012-07-26 04:00:00,8.051081959687991
2012-07-26 05:00:00,41.76922644518259
2012-07-26 06:00:00,162.02648292084194
2012-07-26 07:00:00,465.1300810526779
2012-07-26 08:00:00,666.510902386951
2012-07-26 09:00:00,322.3367148078659
2012-07-26 10:00:00,194.58266141650356
2012-07-26 11:00:00,183.30808513041632
2012-07-26 12:00:00,259.49681990222393
2012-07-26 13:00:00,253.23274290299662
2012-07-26 14:00:00,200.22795549758536
2012-07-26 15:00:00,212.05297741498308
2012-07-26 16:00:00,319.7850512875271
2012-07-26 17:00:00,595.6352133519915
2012-07-26 18:00:00,613.6230636994754
2012-07-26 19:00:00,441.6775891570902
2012-07-26 20:00:00,414.32052434084875
2012-07-26 21:00:00,289.83943754701744
2012-07-26 22:00:00,219.54287965218958
2012-07-26 23:00:00,155.16689605379796
2012-07-27 00:00:00,73.15308444886794
2012-07-27 01:00:00,34.22624192980432
2012-07-27 02:00:00,16.834683175503233
2012-07-27 03:00:00,7.546802684492807
2012-07-27 04:00:00,7.597580577055968
2012-07-27 05:00:00,37.68607293848104
2012-07-27 06:00:00,131.51593448505295
2012-07-27 07:00:00,412.8676627336351
2012-07-27 08:00:00,725.4363767143894
2012-07-27 09:00:00,417.3884242216253
2012-07-27 10:00:00,245.0586213974668
2012-07-27 11:00:00,262.5292435291732
2012-07-27 12:00:00,283.4069484746828
2012-07-27 13:00:00,315.84610522502686
2012-07-27 14:00:00,262.7174627800585
2012-07-27 15:00:00,277.7056292748295
2012-07-27 16:00:00,469.6851160194616
2012-07-27 17:00:00,673.1882991631619
2012-07-27 18:00:00,703.2925558098302
2012-07-27 19:00:00,497.092570817866
2012-07-27 20:00:00,375.04254621120725
2012-07-27 21:00:00,288.02543526551216
2012-07-27 22:00:00,252.37364308854592
2012-07-27 23:00:00,190.92003950866385
2012-07-28 00:00:00,144.13443343655064
2012-07-28 01:00:00,98.5799252727392
2012-07-28 02:00:00,76.78569403943506
2012-07-28 03:00:00,35.15152390444942
2012-07-28 04:00:00,11.197526438577746
2012-07-28 05:00:00,12.781138566516404
2012-07-28 06:00:00,31.489011472960073
2012-07-28 07:00:00,75.4440723997567
2012-07-28 08:00:00,161.995024590632
2012-07-28 09:00:00,268.94927247488044
2012-07-28 10:00:00,406.9338909352746
2012-07-28 11:00:00,515.725289590459
2012-07-28 12:00:00,608.6938719290887
2012-07-28 13:00:00,525.9650767352537
2012-07-28 14:00:00,584.2773197070201
2012-07-28 15:00:00,593.7796911438444
2012-07-28 16:00:00,567.4999914945639
2012-07-28 17:00:00,518.791236568534
2012-07-28 18:00:00,454.3007960004775
2012-07-28 19:00:00,322.6959852051598
2012-07-28 20:00:00,276.4824645449812
2012-07-28 21:00:00,281.7551392711723
2012-07-28 22:00:00,213.75519358851813
2012-07-28 23:00:00,173.9365017168686
2012-07-29 00:00:00,136.82549410954275
2012-07-29 01:00:00,121.84540615931621
2012-07-29 02:00:00,99.0036477441816
2012-07-29 03:00:00,42.753071807627656
2012-07-29 04:00:00,12.84058778220495
2012-07-29 05:00:00,13.386461723220098
2012-07-29 06:00:00,20.34517358331518
2012-07-29 07:00:00,50.58241465894213
2012-07-29 08:00:00,105.33459508497621
2012-07-29 09:00:00,238.71543226449015
2012-07-29 10:00:00,376.59482596710365
2012-07-29 11:00:00,428.6038663477925
2012-07-29 12:00:00,574.3172986906584
2012-07-29 13:00:00,554.9176738008911
2012-07-29 14:00:00,524.5064336233474
2012-07-29 15:00:00,537.3288458938988
2012-07-29 16:00:00,517.2098331206944
2012-07-29 17:00:00,475.94096123901176
2012-07-29 18:00:00,415.94208170647113
2012-07-29 19:00:00,350.2327750518442
2012-07-29 20:00:00,250.97816039967992
2012-07-29 21:00:00,222.28267655301784
2012-07-29 22:00:00,161.0150852355639
2012-07-29 23:00:00,100.51194967980065
2012-07-30 00:00:00,43.13323313263203
2012-07-30 01:00:00,18.68840731061351
2012-07-30 02:00:00,11.213550695047264
2012-07-30 03:00:00,5.595947768059903
2012-07-30 04:00:00,7.418185589829147
2012-07-30 05:00:00,34.05301135959035
2012-07-30 06:00:00,132.2952785190085
2012-07-30 07:00:00,401.1068637270019
2012-07-30 08:00:00,592.9035554137852
2012-07-30 09:00:00,327.79630572540526
2012-07-30 10:00:00,195.73681997313975
2012-07-30 11:00:00,218.51390710245852
2012-07-30 12:00:00,264.40638403666856
2012-07-30 13:00:00,287.35963391715774
2012-07-30 14:00:00,271.348842685619
2012-07-30 15:00:00,274.35947606463816
2012-07-30 16:00:00,398.9456578560854
2012-07-30 17:00:00,745.7944569459806
2012-07-30 18:00:00,817.8264497268109
2012-07-30 19:00:00,519.5255078092803
2012-07-30 20:00:00,364.0094405150184
2012-07-30 21:00:00,264.6824363521195
2012-07-30 22:00:00,189.77044942601395
2012-07-30 23:00:00,111.86266848581553
2012-07-31 00:00:00,38.42549025309729
2012-07-31 01:00:00,16.19123360023542
2012-07-31 02:00:00,8.709912951904997
2012-07-31 03:00:00,5.491649490109172
2012-07-31 04:00:00,7.776028738395139
2012-07-31 05:00:00,36.27874857710703
2012-07-31 06:00:00,129.34782068320072
2012-07-31 07:00:00,456.20810123680224
2012-07-31 08:00:00,652.3461187012866
2012-07-31 09:00:00,326.4631776961367
2012-07-31 10:00:00,195.11248179481336
2012-07-31 11:00:00,219.36860857922326
2012-07-31 12:00:00,268.9435333761425
2012-07-31 13:00:00,258.58085148172654
2012-07-31 14:00:00,244.8635553991341
2012-07-31 15:00:00,259.26085628421265
2012-07-31 16:00:00,401.352099196838
2012-07-31 17:00:00,832.4657183537299
2012-07-31 18:00:00,768.0338256048123
2012-07-31 19:00:00,464.67644612878513
2012-07-31 20:00:00,303.51264261160827
2012-07-31 21:00:00,251.69431087635832
2012-07-31 22:00:00,214.37258065516903
2012-07-31 23:00:00,105.15988094521539
2012-08-20 00:00:00,38.53583551513217
2012-08-20 01:00:00,19.418774819083744
2012-08-20 02:00:00,11.71307382591607
2012-08-20 03:00:00,5.552412036684104
2012-08-20 04:00:00,7.09251276239134
2012-08-20 05:00:00,34.24845368580483
2012-08-20 06:00:00,146.38286077623783
2012-08-20 07:00:00,421.6616998039264
2012-08-20 08:00:00,602.4436850779932
2012-08-20 09:00:00,341.9705452977931
2012-08-20 10:00:00,196.92647210728492
2012-08-20 11:00:00,230.84140309767605
2012-08-20 12:00:00,265.29898054724674
2012-08-20 13:00:00,316.0849093427227
2012-08-20 14:00:00,291.2482468747731
2012-08-20 15:00:00,295.8912555695414
2012-08-20 16:00:00,440.0793594069104
2012-08-20 17:00:00,827.8878124776406
2012-08-20 18:00:00,773.4035615152989
2012-08-20 19:00:00,500.54819302017995
2012-08-20 20:00:00,318.6991100234401
2012-08-20 21:00:00,248.8294914934079
2012-08-20 22:00:00,172.24724824601014
2012-08-20 23:00:00,97.93036610498268
2012-08-21 00:00:00,36.30853057596374
2012-08-21 01:00:00,16.346387472512454
2012-08-21 02:00:00,7.6090226387478435
2012-08-21 03:00:00,5.498863745379731
2012-08-21 04:00:00,7.672229294338015
2012-08-21 05:00:00,39.14629233720071
2012-08-21 06:00:00,164.00333637243298
2012-08-21 07:00:00,503.96943387340144
2012-08-21 08:00:00,719.3005216899918
2012-08-21 09:00:00,353.01037417363796
2012-08-21 10:00:00,217.2454759388452
2012-08-21 11:00:00,240.54767252458802
2012-08-21 12:00:00,293.3806291271765
2012-08-21 13:00:00,294.7406579489373
2012-08-21 14:00:00,279.10581377589943
2012-08-21 15:00:00,293.24078793080844
2012-08-21 16:00:00,432.5492196695221
2012-08-21 17:00:00,920.5476718395472
2012-08-21 18:00:00,832.540008071023
2012-08-21 19:00:00,395.9290487424364
2012-08-21 20:00:00,408.84094765933486
2012-08-21 21:00:00,308.73846109038186
2012-08-21 22:00:00,229.19758991532152
2012-08-21 23:00:00,115.6869850410836
2012-08-22 00:00:00,47.991872968565914
2012-08-22 01:00:00,21.381306021477524
2012-08-22 02:00:00,9.855185923631518
2012-08-22 03:00:00,7.462415288401493
2012-08-22 04:00:00,7.781460536345714
2012-08-22 05:00:00,39.08533474964114
2012-08-22 06:00:00,171.66346951575676
2012-08-22 07:00:00,517.3839195976512
2012-08-22 08:00:00,741.9416720218047
2012-08-22 09:00:00,367.12035514143463
2012-08-22 10:00:00,218.82593275814656
2012-08-22 11:00:00,237.21802828951402
2012-08-22 12:00:00,293.85275178681087
2012-08-22 13:00:00,299.3693967534492
2012-08-22 14:00:00,284.19144212481007
2012-08-22 15:00:00,293.74785226429964
2012-08-22 16:00:00,269.04381334156545
2012-08-22 17:00:00,496.03550172364356
2012-08-22 18:00:00,515.5669432103172
2012-08-22 19:00:00,523.2995953543401
2012-08-22 20:00:00,412.5706914371455
2012-08-22 21:00:00,313.08924246070694
2012-08-22 22:00:00,237.05273330297916
2012-08-22 23:00:00,127.291790816376
2012-08-23 00:00:00,58.05532990449305
2012-08-23 01:00:00,23.980634044703223
2012-08-23 02:00:00,12.719866112266896
2012-08-23 03:00:00,7.331956294651574
2012-08-23 04:00:00,8.86730728660715
2012-08-23 05:00:00,43.380951981015706
2012-08-23 06:00:00,146.52689421070144
2012-08-23 07:00:00,470.89848061316667
2012-08-23 08:00:00,690.2514979306553
2012-08-23 09:00:00,327.93568101887246
2012-08-23 10:00:00,221.73788577344726
2012-08-23 11:00:00,243.5853542320363
2012-08-23 12:00:00,328.45247887663584
2012-08-23 13:00:00,330.8923438442084
2012-08-23 14:00:00,292.78235595368636
2012-08-23 15:00:00,303.55769144432975
2012-08-23 16:00:00,452.49963186400953
2012-08-23 17:00:00,829.7325216910856
2012-08-23 18:00:00,880.3436192514442
2012-08-23 19:00:00,608.2392553965307
2012-08-23 20:00:00,432.67781159529375
2012-08-23 21:00:00,333.34693036022804
2012-08-23 22:00:00,232.16659452727643
2012-08-23 23:00:00,158.97461200646035
2012-08-24 00:00:00,69.1951561218339
2012-08-24 01:00:00,34.47607902295394
2012-08-24 02:00:00,18.73746971527911
2012-08-24 03:00:00,8.392422065148727
2012-08-24 04:00:00,8.247006855746882
2012-08-24 05:00:00,40.99123098468128
2012-08-24 06:00:00,135.75939498480707
2012-08-24 07:00:00,423.727979481169
2012-08-24 08:00:00,694.5232814836886
2012-08-24 09:00:00,422.22621950724044
2012-08-24 10:00:00,256.4391918025015
2012-08-24 11:00:00,285.63855495574904
2012-08-24 12:00:00,341.1119354206865
2012-08-24 13:00:00,335.41445830593534
2012-08-24 14:00:00,334.06339277986723
2012-08-24 15:00:00,330.8979461416899
2012-08-24 16:00:00,501.95648513091743
2012-08-24 17:00:00,796.0171930057991
2012-08-24 18:00:00,703.8137532157211
2012-08-24 19:00:00,505.0150723920596
2012-08-24 20:00:00,356.9339113440335
2012-08-24 21:00:00,274.5275291300578
2012-08-24 22:00:00,243.504437228773
2012-08-24 23:00:00,195.34678403122393
2012-08-25 00:00:00,135.71653335744887
2012-08-25 01:00:00,100.68889447954884
2012-08-25 02:00:00,78.67470991192369
2012-08-25 03:00:00,38.841382162169424
2012-08-25 04:00:00,12.470925947902394
2012-08-25 05:00:00,13.147924113068711
2012-08-25 06:00:00,32.17597145456255
2012-08-25 07:00:00,76.52712283465904
2012-08-25 08:00:00,155.89213397792972
2012-08-25 09:00:00,257.76827342960934
2012-08-25 10:00:00,411.3693842948196
2012-08-25 11:00:00,515.582440543183
2012-08-25 12:00:00,506.60958634913976
2012-08-25 13:00:00,614.3317116659946
2012-08-25 14:00:00,440.74325371321913
2012-08-25 15:00:00,574.8558307771311
2012-08-25 16:00:00,556.0992607172151
2012-08-25 17:00:00,504.2879460224099
2012-08-25 18:00:00,442.36461122780025
2012-08-25 19:00:00,371.2893694895139
2012-08-25 20:00:00,177.723340714374
2012-08-25 21:00:00,240.89533335735078
2012-08-25 22:00:00,198.69935846669011
2012-08-25 23:00:00,174.21141518681063
2012-08-26 00:00:00,140.23034501146208
2012-08-26 01:00:00,113.54442850619756
2012-08-26 02:00:00,83.03160849196281
2012-08-26 03:00:00,37.222255774086356
2012-08-26 04:00:00,11.039564526711507
2012-08-26 05:00:00,11.744425678673291
2012-08-26 06:00:00,17.864169180099847
2012-08-26 07:00:00,45.53316545073112
2012-08-26 08:00:00,109.16234072888452
2012-08-26 09:00:00,247.59603240511757
2012-08-26 10:00:00,409.0654967972358
2012-08-26 11:00:00,450.88909576113565
2012-08-26 12:00:00,463.4085264227552
2012-08-26 13:00:00,377.3785827175146
2012-08-26 14:00:00,412.57976801589
2012-08-26 15:00:00,230.7921621238691
2012-08-26 16:00:00,231.15556222167524
2012-08-26 17:00:00,361.01083979221767
2012-08-26 18:00:00,268.20677285859944
2012-08-26 19:00:00,233.1458708159435
2012-08-26 20:00:00,196.82135480032017
2012-08-26 21:00:00,189.01444867751573
2012-08-26 22:00:00,134.9780710264972
2012-08-26 23:00:00,95.0539793758739
2012-08-27 00:00:00,44.996328383533914
2012-08-27 01:00:00,17.36968076949935
2012-08-27 02:00:00,10.341957683992474
2012-08-27 03:00:00,5.468515459162422
2012-08-27 04:00:00,8.376310277895152
2012-08-27 05:00:00,32.64148305730603
2012-08-27 06:00:00,129.92651159220242
2012-08-27 07:00:00,444.99263589964374
2012-08-27 08:00:00,634.5097732295563
2012-08-27 09:00:00,349.9862908656218
2012-08-27 10:00:00,210.24299628287403
2012-08-27 11:00:00,230.94692474780234
2012-08-27 12:00:00,278.9956454882391
2012-08-27 13:00:00,314.1510922240495
2012-08-27 14:00:00,296.6855720828598
2012-08-27 15:00:00,288.3577174627899
2012-08-27 16:00:00,428.7823757813541
2012-08-27 17:00:00,834.9316704324231
2012-08-27 18:00:00,881.0732842680936
2012-08-27 19:00:00,536.0446331663746
2012-08-27 20:00:00,388.39964976448005
2012-08-27 21:00:00,285.177547891028
2012-08-27 22:00:00,188.09307904701637
2012-08-27 23:00:00,105.06895301013734
2012-08-28 00:00:00,42.13744861108811
2012-08-28 01:00:00,14.778242717199458
2012-08-28 02:00:00,9.665477231064697
2012-08-28 03:00:00,5.452162362965419
2012-08-28 04:00:00,8.817455385639205
2012-08-28 05:00:00,36.49117370979262
2012-08-28 06:00:00,141.88342888039406
2012-08-28 07:00:00,461.70231988449564
2012-08-28 08:00:00,594.4342080434121
2012-08-28 09:00:00,315.2730132361033
2012-08-28 10:00:00,214.41035956163017
2012-08-28 11:00:00,233.14457638252216
2012-08-28 12:00:00,303.0429682701507
2012-08-28 13:00:00,293.37212952523254
2012-08-28 14:00:00,282.56106274041684
2012-08-28 15:00:00,290.67874572962677
2012-08-28 16:00:00,438.6929520386698
2012-08-28 17:00:00,932.4521505757675
2012-08-28 18:00:00,838.3435596622177
2012-08-28 19:00:00,624.9843095064156
2012-08-28 20:00:00,412.99490107699404
2012-08-28 21:00:00,315.2106126625212
2012-08-28 22:00:00,241.19833278439245
2012-08-28 23:00:00,132.78487486702736
2012-08-29 00:00:00,50.89987954993641
2012-08-29 01:00:00,21.379039010113452
2012-08-29 02:00:00,10.09344225631239
2012-08-29 03:00:00,7.648994685004251
2012-08-29 04:00:00,8.156007419268116
2012-08-29 05:00:00,39.55430804304672
2012-08-29 06:00:00,170.32464100362674
2012-08-29 07:00:00,530.0338191069161
2012-08-29 08:00:00,760.9446081120094
2012-08-29 09:00:00,378.7495961193166
2012-08-29 10:00:00,229.18762325431996
2012-08-29 11:00:00,243.8978682694219
2012-08-29 12:00:00,294.68762996490875
2012-08-29 13:00:00,301.88565385964966
2012-08-29 14:00:00,286.10786565597556
2012-08-29 15:00:00,295.167377936073
2012-08-29 16:00:00,435.2474112437483
2012-08-29 17:00:00,822.0280058960249
2012-08-29 18:00:00,857.6205768370094
2012-08-29 19:00:00,593.6434078026521
2012-08-29 20:00:00,434.8021121516913
2012-08-29 21:00:00,334.25440092247544
2012-08-29 22:00:00,250.6890080157187
2012-08-29 23:00:00,148.77456197933833
2012-08-30 00:00:00,57.88235339294231
2012-08-30 01:00:00,25.14258874539987
2012-08-30 02:00:00,13.635540236134966
2012-08-30 03:00:00,7.93107130137602
2012-08-30 04:00:00,9.185323972910764
2012-08-30 05:00:00,44.7866492178073
2012-08-30 06:00:00,165.34827814121647
2012-08-30 07:00:00,507.1526697523542
2012-08-30 08:00:00,758.4792880681172
2012-08-30 09:00:00,373.2895626472046
2012-08-30 10:00:00,222.74839735970838
2012-08-30 11:00:00,245.70285020864534
2012-08-30 12:00:00,335.57886975433763
2012-08-30 13:00:00,336.46503876314966
2012-08-30 14:00:00,289.8059242022579
2012-08-30 15:00:00,303.1372245061466
2012-08-30 16:00:00,449.2607785879969
2012-08-30 17:00:00,843.2757945724907
2012-08-30 18:00:00,866.7873714300351
2012-08-30 19:00:00,625.6402198065255
2012-08-30 20:00:00,448.5558441853326
2012-08-30 21:00:00,331.0846760356018
2012-08-30 22:00:00,244.67240155350103
2012-08-30 23:00:00,169.74155883506305
2012-08-31 00:00:00,75.994027437233
2012-08-31 01:00:00,35.9552477686864
2012-08-31 02:00:00,16.261941844600088
2012-08-31 03:00:00,7.031974077878415
2012-08-31 04:00:00,7.385411268006868
2012-08-31 05:00:00,34.61719646736803
2012-08-31 06:00:00,115.24089762594359
2012-08-31 07:00:00,361.85246482408934
2012-08-31 08:00:00,694.7029953984743
2012-08-31 09:00:00,427.9431970470513
2012-08-31 10:00:00,258.62803602601207
2012-08-31 11:00:00,299.62868109885045
2012-08-31 12:00:00,364.3215137216528
2012-08-31 13:00:00,352.1361108459206
2012-08-31 14:00:00,334.79951947650443
2012-08-31 15:00:00,305.38544085341664
2012-08-31 16:00:00,461.04749350396423
2012-08-31 17:00:00,861.0133496677727
2012-08-31 18:00:00,773.4027421460682
2012-08-31 19:00:00,565.7970431121187
2012-08-31 20:00:00,379.6627838951234
2012-08-31 21:00:00,307.80169508774287
2012-08-31 22:00:00,265.53029570837197
2012-08-31 23:00:00,203.82547275079617
2012-09-20 00:00:00,61.445579958117406
2012-09-20 01:00:00,26.332887355891064
2012-09-20 02:00:00,12.94655409742581
2012-09-20 03:00:00,8.433021550983309
2012-09-20 04:00:00,7.884707830539536
2012-09-20 05:00:00,47.954266882142264
2012-09-20 06:00:00,192.6630728865072
2012-09-20 07:00:00,542.1955099045982
2012-09-20 08:00:00,841.0497398485022
2012-09-20 09:00:00,374.03275828129665
2012-09-20 10:00:00,223.96189080298205
2012-09-20 11:00:00,247.44360736211917
2012-09-20 12:00:00,345.2325709637444
2012-09-20 13:00:00,332.1591649715608
2012-09-20 14:00:00,290.3779468987811
2012-09-20 15:00:00,307.68367495471773
2012-09-20 16:00:00,444.7377323211009
2012-09-20 17:00:00,818.03020805072
2012-09-20 18:00:00,875.2110811313918
2012-09-20 19:00:00,609.4811009963752
2012-09-20 20:00:00,434.8846780948526
2012-09-20 21:00:00,328.60568155234154
2012-09-20 22:00:00,239.11167312953967
2012-09-20 23:00:00,170.321669501318
2012-09-21 00:00:00,78.92610593669987
2012-09-21 01:00:00,39.70158360817052
2012-09-21 02:00:00,17.56592375993403
2012-09-21 03:00:00,8.82856733203016
2012-09-21 04:00:00,7.522765098508968
2012-09-21 05:00:00,42.46132061019146
2012-09-21 06:00:00,157.84218516433342
2012-09-21 07:00:00,492.27659918397103
2012-09-21 08:00:00,779.8519463442234
2012-09-21 09:00:00,427.1010292147321
2012-09-21 10:00:00,267.3624462697438
2012-09-21 11:00:00,290.1930283559175
2012-09-21 12:00:00,362.7452817158343
2012-09-21 13:00:00,356.20675246836686
2012-09-21 14:00:00,336.05634046032924
2012-09-21 15:00:00,353.08300997009457
2012-09-21 16:00:00,521.5831298772915
2012-09-21 17:00:00,838.008772791821
2012-09-21 18:00:00,771.3198896595675
2012-09-21 19:00:00,541.1264353050483
2012-09-21 20:00:00,378.775302336431
2012-09-21 21:00:00,282.2617109242138
2012-09-21 22:00:00,252.50715358131362
2012-09-21 23:00:00,213.84960573881827
2012-09-22 00:00:00,153.25714506679307
2012-09-22 01:00:00,104.45901336873067
2012-09-22 02:00:00,62.8350669840831
2012-09-22 03:00:00,38.25012353231944
2012-09-22 04:00:00,12.526747195223212
2012-09-22 05:00:00,13.72965818138461
2012-09-22 06:00:00,33.94182248778521
2012-09-22 07:00:00,86.51468981197785
2012-09-22 08:00:00,171.49091365685837
2012-09-22 09:00:00,284.914209171733
2012-09-22 10:00:00,452.53695552658115
2012-09-22 11:00:00,552.57378185128
2012-09-22 12:00:00,673.0511238734459
2012-09-22 13:00:00,664.4122311840925
2012-09-22 14:00:00,655.6943940246058
2012-09-22 15:00:00,677.050644148271
2012-09-22 16:00:00,637.8066908147151
2012-09-22 17:00:00,589.9851738871093
2012-09-22 18:00:00,514.8297706972605
2012-09-22 19:00:00,429.01153688834734
2012-09-22 20:00:00,355.9083600427345
2012-09-22 21:00:00,295.26298684660566
2012-09-22 22:00:00,247.98855374646547
2012-09-22 23:00:00,223.01572585552051
2012-09-23 00:00:00,179.29087406447744
2012-09-23 01:00:00,132.6003679129793
2012-09-23 02:00:00,104.54089373886711
2012-09-23 03:00:00,47.64806917867151
2012-09-23 04:00:00,12.910880271503284
2012-09-23 05:00:00,16.316667804285334
2012-09-23 06:00:00,23.607333730802203
2012-09-23 07:00:00,60.982055417195305
2012-09-23 08:00:00,121.61465667262748
2012-09-23 09:00:00,262.6043976467128
2012-09-23 10:00:00,425.9403480848155
2012-09-23 11:00:00,478.201143874526
2012-09-23 12:00:00,641.068608898015
2012-09-23 13:00:00,598.9601258412454
2012-09-23 14:00:00,571.1490560789571
2012-09-23 15:00:00,594.973292890184
2012-09-23 16:00:00,550.0761649146069
2012-09-23 17:00:00,502.14256183066243
2012-09-23 18:00:00,391.823021044035
2012-09-23 19:00:00,349.5721281348689
2012-09-23 20:00:00,238.91557125699342
2012-09-23 21:00:00,173.79436698857072
2012-09-23 22:00:00,159.26117793673455
2012-09-23 23:00:00,85.14241345464352
2012-09-24 00:00:00,49.293657971907074
2012-09-24 01:00:00,21.675472174578847
2012-09-24 02:00:00,9.554961032333862
2012-09-24 03:00:00,6.573946665972883
2012-09-24 04:00:00,7.5386659462015455
2012-09-24 05:00:00,41.083164055651785
2012-09-24 06:00:00,160.08186749006464
2012-09-24 07:00:00,511.87205387441895
2012-09-24 08:00:00,745.4461752517545
2012-09-24 09:00:00,376.81030247845473
2012-09-24 10:00:00,224.9219181255356
2012-09-24 11:00:00,244.31027766160972
2012-09-24 12:00:00,289.31028973026974
2012-09-24 13:00:00,305.7668262558722
2012-09-24 14:00:00,292.67980277167464
2012-09-24 15:00:00,296.36541560304215
2012-09-24 16:00:00,448.87948449371464
2012-09-24 17:00:00,841.0323718101777
2012-09-24 18:00:00,766.5482465185958
2012-09-24 19:00:00,521.5777649699229
2012-09-24 20:00:00,368.09094793133744
2012-09-24 21:00:00,272.59290929747516
2012-09-24 22:00:00,202.2082296174231
2012-09-24 23:00:00,107.80278360198966
2012-09-25 00:00:00,47.06609853844369
2012-09-25 01:00:00,17.99413856254182
2012-09-25 02:00:00,8.564960075443059
2012-09-25 03:00:00,6.097746835924316
2012-09-25 04:00:00,7.713853212780229
2012-09-25 05:00:00,41.259784434061835
2012-09-25 06:00:00,182.77352045349477
2012-09-25 07:00:00,539.0761920900012
2012-09-25 08:00:00,847.068961444184
2012-09-25 09:00:00,374.01834424383287
2012-09-25 10:00:00,213.04367806279745
2012-09-25 11:00:00,231.63180923573807
2012-09-25 12:00:00,289.1842247128971
2012-09-25 13:00:00,298.79800898028134
2012-09-25 14:00:00,266.07084708277023
2012-09-25 15:00:00,284.3646775145004
2012-09-25 16:00:00,418.62261177337206
2012-09-25 17:00:00,891.8305388698686
2012-09-25 18:00:00,740.4559782990258
2012-09-25 19:00:00,538.9712719846605
2012-09-25 20:00:00,348.9021276254909
2012-09-25 21:00:00,271.8354629935023
2012-09-25 22:00:00,201.0391115314801
2012-09-25 23:00:00,109.02436442495416
2012-09-26 00:00:00,49.52155222820313
2012-09-26 01:00:00,20.23207997746597
2012-09-26 02:00:00,8.319219172512891
2012-09-26 03:00:00,6.298636187748165
2012-09-26 04:00:00,7.804448078441402
2012-09-26 05:00:00,38.8795765005877
2012-09-26 06:00:00,172.9661049003061
2012-09-26 07:00:00,521.3736153529876
2012-09-26 08:00:00,716.6168544582312
2012-09-26 09:00:00,372.78232422685466
2012-09-26 10:00:00,204.2361508785652
2012-09-26 11:00:00,235.35596614902067
2012-09-26 12:00:00,285.80883883885514
2012-09-26 13:00:00,290.62559135271255
2012-09-26 14:00:00,266.0853082032388
2012-09-26 15:00:00,284.4108766351186
2012-09-26 16:00:00,415.4060449820518
2012-09-26 17:00:00,773.7703440267212
2012-09-26 18:00:00,730.4283627125398
2012-09-26 19:00:00,511.97796411164074
2012-09-26 20:00:00,351.966978754278
2012-09-26 21:00:00,279.5020034783882
2012-09-26 22:00:00,113.66821752422581
2012-09-26 23:00:00,120.19731110054678
2012-09-27 00:00:00,58.51757652396535
2012-09-27 01:00:00,24.878422476433002
2012-09-27 02:00:00,11.894936901341337
2012-09-27 03:00:00,7.481823241097626
2012-09-27 04:00:00,8.194901558798243
2012-09-27 05:00:00,44.88953146902
2012-09-27 06:00:00,166.68442896460087
2012-09-27 07:00:00,533.5643035172568
2012-09-27 08:00:00,769.2231728540593
2012-09-27 09:00:00,372.8304993507934
2012-09-27 10:00:00,199.2198460238181
2012-09-27 11:00:00,223.5036829166971
2012-09-27 12:00:00,309.183398278459
2012-09-27 13:00:00,303.5711885412361
2012-09-27 14:00:00,268.69092901708535
2012-09-27 15:00:00,283.6169010517194
2012-09-27 16:00:00,386.9476230005983
2012-09-27 17:00:00,677.6519214942542
2012-09-27 18:00:00,650.9364047674832
2012-09-27 19:00:00,500.47772327472376
2012-09-27 20:00:00,333.1806595958124
2012-09-27 21:00:00,162.59553182110525
2012-09-27 22:00:00,123.64099932508994
2012-09-27 23:00:00,91.09993838841437
2012-09-28 00:00:00,42.328174497184676
2012-09-28 01:00:00,24.446470451053756
2012-09-28 02:00:00,11.640241061907341
2012-09-28 03:00:00,6.951093136065282
2012-09-28 04:00:00,6.66468124653618
2012-09-28 05:00:00,39.778148443853645
2012-09-28 06:00:00,129.23459064003748
2012-09-28 07:00:00,388.7854204644253
2012-09-28 08:00:00,762.8381283018231
2012-09-28 09:00:00,393.8248960586955
2012-09-28 10:00:00,243.65938594442983
2012-09-28 11:00:00,261.76676464822054
2012-09-28 12:00:00,330.6287320969112
2012-09-28 13:00:00,327.0361689668358
2012-09-28 14:00:00,306.4537073493859
2012-09-28 15:00:00,307.4366848941313
2012-09-28 16:00:00,475.49042130875364
2012-09-28 17:00:00,732.5429927969699
2012-09-28 18:00:00,621.944080872959
2012-09-28 19:00:00,437.11417458535925
2012-09-28 20:00:00,311.17514535382827
2012-09-28 21:00:00,241.54314091890063
2012-09-28 22:00:00,213.67759206759698
2012-09-28 23:00:00,168.03837542188606
2012-09-29 00:00:00,155.14570622852983
2012-09-29 01:00:00,113.10588579349391
2012-09-29 02:00:00,71.82641485574221
2012-09-29 03:00:00,37.795081913725674
2012-09-29 04:00:00,11.840848683281727
2012-09-29 05:00:00,15.419259557431946
2012-09-29 06:00:00,37.909166237798054
2012-09-29 07:00:00,87.51867101512953
2012-09-29 08:00:00,176.3731517131065
2012-09-29 09:00:00,290.22809453899015
2012-09-29 10:00:00,455.73642895884564
2012-09-29 11:00:00,528.8819645219162
2012-09-29 12:00:00,640.8423252805959
2012-09-29 13:00:00,646.0616276977652
2012-09-29 14:00:00,646.1354116726143
2012-09-29 15:00:00,673.132246275124
2012-09-29 16:00:00,651.3549354052408
2012-09-29 17:00:00,557.8138177126409
2012-09-29 18:00:00,440.30863108578615
2012-09-29 19:00:00,383.34635793728614
2012-09-29 20:00:00,328.4178417363715
2012-09-29 21:00:00,267.260774770806
2012-09-29 22:00:00,213.82874990912256
2012-09-29 23:00:00,192.84624931900245
2012-09-30 00:00:00,186.95419315109578
2012-09-30 01:00:00,149.83942948109421
2012-09-30 02:00:00,99.97547446745695
2012-09-30 03:00:00,48.1557119487515
2012-09-30 04:00:00,12.73334512545088
2012-09-30 05:00:00,14.893048539981175
2012-09-30 06:00:00,23.26060597938451
2012-09-30 07:00:00,59.00387953148073
2012-09-30 08:00:00,132.4990083960747
2012-09-30 09:00:00,264.61011766246526
2012-09-30 10:00:00,423.21326374071316
2012-09-30 11:00:00,473.55210546029355
2012-09-30 12:00:00,599.9766699050151
2012-09-30 13:00:00,609.6427203073398
2012-09-30 14:00:00,558.7829208348893
2012-09-30 15:00:00,597.2750859158982
2012-09-30 16:00:00,578.4647858411568
2012-09-30 17:00:00,501.8221956886671
2012-09-30 18:00:00,394.78014498643574
2012-09-30 19:00:00,225.21491738066928
2012-09-30 20:00:00,160.90722575885732
2012-09-30 21:00:00,197.51772582641493
2012-09-30 22:00:00,155.1854160109804
2012-09-30 23:00:00,98.91049636831599
2012-10-20 00:00:00,136.18549709641457
2012-10-20 01:00:00,102.42381000845305
2012-10-20 02:00:00,64.85481006027806
2012-10-20 03:00:00,32.5973603779405
2012-10-20 04:00:00,11.63360640659703
2012-10-20 05:00:00,11.593763334965988
2012-10-20 06:00:00,32.15500567865924
2012-10-20 07:00:00,66.05548280426281
2012-10-20 08:00:00,197.3741612349152
2012-10-20 09:00:00,307.6730134684671
2012-10-20 10:00:00,430.4669520183757
2012-10-20 11:00:00,577.539563739782
2012-10-20 12:00:00,721.8891663638557
2012-10-20 13:00:00,712.0324846767913
2012-10-20 14:00:00,679.2734324933311
2012-10-20 15:00:00,716.1843889110839
2012-10-20 16:00:00,650.5952544232689
2012-10-20 17:00:00,606.6519490624526
2012-10-20 18:00:00,405.2931646062313
2012-10-20 19:00:00,340.43259364704807
2012-10-20 20:00:00,274.55484832201824
2012-10-20 21:00:00,228.78858588780665
2012-10-20 22:00:00,187.46136748478983
2012-10-20 23:00:00,164.3319035179866
2012-10-21 00:00:00,158.19195950077147
2012-10-21 01:00:00,125.65607888899204
2012-10-21 02:00:00,71.7571236102049
2012-10-21 03:00:00,36.239556548432375
2012-10-21 04:00:00,12.239640407078168
2012-10-21 05:00:00,11.931246451142368
2012-10-21 06:00:00,21.110010559493958
2012-10-21 07:00:00,48.479849917773016
2012-10-21 08:00:00,127.85663448049621
2012-10-21 09:00:00,283.21372496281464
2012-10-21 10:00:00,384.07729159453385
2012-10-21 11:00:00,423.96307717350925
2012-10-21 12:00:00,637.2250839141749
2012-10-21 13:00:00,641.124091219604
2012-10-21 14:00:00,600.3137645652862
2012-10-21 15:00:00,583.1256783975616
2012-10-21 16:00:00,602.0120416928929
2012-10-21 17:00:00,490.1563262748883
2012-10-21 18:00:00,365.745395451553
2012-10-21 19:00:00,305.7880572532641
2012-10-21 20:00:00,210.79170367305477
2012-10-21 21:00:00,175.92214671951388
2012-10-21 22:00:00,138.2349092631876
2012-10-21 23:00:00,83.92837863944295
2012-10-22 00:00:00,35.192645954422396
2012-10-22 01:00:00,14.91586581976637
2012-10-22 02:00:00,6.954039239282912
2012-10-22 03:00:00,4.18846036484903
2012-10-22 04:00:00,6.2522005229578
2012-10-22 05:00:00,30.677772126801177
2012-10-22 06:00:00,141.7676472190197
2012-10-22 07:00:00,392.04908728507576
2012-10-22 08:00:00,755.5644435279377
2012-10-22 09:00:00,386.1570535949577
2012-10-22 10:00:00,209.20701168607448
2012-10-22 11:00:00,253.9112872498632
2012-10-22 12:00:00,314.4300787329356
2012-10-22 13:00:00,343.48267016428554
2012-10-22 14:00:00,309.709660932974
2012-10-22 15:00:00,323.0672944327475
2012-10-22 16:00:00,472.1299289049433
2012-10-22 17:00:00,874.243984302441
2012-10-22 18:00:00,777.1079876944376
2012-10-22 19:00:00,464.85736711482633
2012-10-22 20:00:00,330.85150643991466
2012-10-22 21:00:00,236.97167860001744
2012-10-22 22:00:00,153.95511841052337
2012-10-22 23:00:00,89.61268008164627
2012-10-23 00:00:00,36.570850718539056
2012-10-23 01:00:00,17.17775521238002
2012-10-23 02:00:00,6.644662575365405
2012-10-23 03:00:00,5.181986571442876
2012-10-23 04:00:00,8.242961540717234
2012-10-23 05:00:00,37.05699974012639
2012-10-23 06:00:00,157.93120752665115
2012-10-23 07:00:00,444.74169389819883
2012-10-23 08:00:00,764.5399917830176
2012-10-23 09:00:00,348.35989530930226
2012-10-23 10:00:00,230.1889143580529
2012-10-23 11:00:00,247.7248065245625
2012-10-23 12:00:00,293.22955343471324
2012-10-23 13:00:00,286.0765366242673
2012-10-23 14:00:00,295.648372180719
2012-10-23 15:00:00,308.27467677397436
2012-10-23 16:00:00,460.2668453138347
2012-10-23 17:00:00,973.2185182605418
2012-10-23 18:00:00,765.3507565595504
2012-10-23 19:00:00,564.0953799435348
2012-10-23 20:00:00,374.01830565895267
2012-10-23 21:00:00,272.2285200767506
2012-10-23 22:00:00,206.22375333822743
2012-10-23 23:00:00,118.11198024641112
2012-10-24 00:00:00,51.980370648921586
2012-10-24 01:00:00,22.004583692977562
2012-10-24 02:00:00,8.129720129872226
2012-10-24 03:00:00,6.309054304896069
2012-10-24 04:00:00,7.066551708011406
2012-10-24 05:00:00,36.99652850912441
2012-10-24 06:00:00,158.9810278205829
2012-10-24 07:00:00,463.4986745636505
2012-10-24 08:00:00,765.0832029257825
2012-10-24 09:00:00,342.30069401768577
2012-10-24 10:00:00,202.02309323830485
2012-10-24 11:00:00,242.78999295277137
2012-10-24 12:00:00,302.8479213399851
2012-10-24 13:00:00,311.0809960210526
2012-10-24 14:00:00,300.5318427829633
2012-10-24 15:00:00,316.6970337675848
2012-10-24 16:00:00,459.4645094471813
2012-10-24 17:00:00,856.9314935550088
2012-10-24 18:00:00,760.5566836995658
2012-10-24 19:00:00,496.20405920301204
2012-10-24 20:00:00,351.76729989723935
2012-10-24 21:00:00,269.3514384520289
2012-10-24 22:00:00,204.39700037536895
2012-10-24 23:00:00,122.52587820407587
2012-10-25 00:00:00,54.50941478410136
2012-10-25 01:00:00,25.381811226798874
2012-10-25 02:00:00,11.399754666585752
2012-10-25 03:00:00,5.777941974084329
2012-10-25 04:00:00,7.191421476757647
2012-10-25 05:00:00,34.62912356937524
2012-10-25 06:00:00,138.23941417852959
2012-10-25 07:00:00,399.54595140002317
2012-10-25 08:00:00,783.199681712369
2012-10-25 09:00:00,337.8529481650248
2012-10-25 10:00:00,198.78460377550124
2012-10-25 11:00:00,187.00425245920863
2012-10-25 12:00:00,299.3185241526638
2012-10-25 13:00:00,297.74186373547445
2012-10-25 14:00:00,280.83681361402967
2012-10-25 15:00:00,303.3808389064106
2012-10-25 16:00:00,432.95329008388245
2012-10-25 17:00:00,801.2214831684785
2012-10-25 18:00:00,638.5538649282383
2012-10-25 19:00:00,455.6959766620338
2012-10-25 20:00:00,268.6862421736869
2012-10-25 21:00:00,207.67193155978046
2012-10-25 22:00:00,180.7454153209686
2012-10-25 23:00:00,125.9250634670844
2012-10-26 00:00:00,70.79402798543516
2012-10-26 01:00:00,30.42041644179709
2012-10-26 02:00:00,12.298984194758974
2012-10-26 03:00:00,5.49107186416957
2012-10-26 04:00:00,6.264041467663445
2012-10-26 05:00:00,34.43386523471531
2012-10-26 06:00:00,125.6865967794957
2012-10-26 07:00:00,371.07646367540184
2012-10-26 08:00:00,677.8223733171637
2012-10-26 09:00:00,395.6718452520336
2012-10-26 10:00:00,230.37474029303817
2012-10-26 11:00:00,274.1348069713542
2012-10-26 12:00:00,323.4089200021776
2012-10-26 13:00:00,313.31836889678806
2012-10-26 14:00:00,310.5016794256851
2012-10-26 15:00:00,334.9130145006536
2012-10-26 16:00:00,465.703537603796
2012-10-26 17:00:00,747.8602540592095
2012-10-26 18:00:00,600.6976753715805
2012-10-26 19:00:00,371.9671755993293
2012-10-26 20:00:00,274.27024244266164
2012-10-26 21:00:00,233.21173516856803
2012-10-26 22:00:00,167.04927279898965
2012-10-26 23:00:00,148.52373821276223
2012-10-27 00:00:00,131.23042574704363
2012-10-27 01:00:00,90.37543542197646
2012-10-27 02:00:00,53.691020921113385
2012-10-27 03:00:00,29.029513324833047
2012-10-27 04:00:00,9.541982271140903
2012-10-27 05:00:00,12.214383675030142
2012-10-27 06:00:00,30.617060937681565
2012-10-27 07:00:00,78.97560151153704
2012-10-27 08:00:00,190.06284700280185
2012-10-27 09:00:00,295.1923136009241
2012-10-27 10:00:00,422.77009657278103
2012-10-27 11:00:00,528.472136814377
2012-10-27 12:00:00,702.6163548092484
2012-10-27 13:00:00,714.7903997540518
2012-10-27 14:00:00,684.0608751556617
2012-10-27 15:00:00,608.2131073410599
2012-10-27 16:00:00,567.406741277875
2012-10-27 17:00:00,511.2976471814293
2012-10-27 18:00:00,389.4836317290717
2012-10-27 19:00:00,302.0419669445843
2012-10-27 20:00:00,254.61075976980456
2012-10-27 21:00:00,212.16186325392496
2012-10-27 22:00:00,173.48973424265034
2012-10-27 23:00:00,153.2717977225199
2012-10-28 00:00:00,103.92574740159364
2012-10-28 01:00:00,109.70550001132379
2012-10-28 02:00:00,71.94019911187587
2012-10-28 03:00:00,37.17559690289843
2012-10-28 04:00:00,11.464560106788333
2012-10-28 05:00:00,12.282178182006287
2012-10-28 06:00:00,19.84522531516479
2012-10-28 07:00:00,48.808043736298814
2012-10-28 08:00:00,106.7877483747081
2012-10-28 09:00:00,230.19966025193122
2012-10-28 10:00:00,323.2067295671653
2012-10-28 11:00:00,404.91531190671924
2012-10-28 12:00:00,484.101824104307
2012-10-28 13:00:00,454.60029586897224
2012-10-28 14:00:00,428.2120055389409
2012-10-28 15:00:00,427.17015562975473
2012-10-28 16:00:00,351.23004189171064
2012-10-28 17:00:00,296.8367741420405
2012-10-28 18:00:00,114.52993936085286
2012-10-28 19:00:00,105.83657651125873
2012-10-28 20:00:00,113.56614699299968
2012-10-28 21:00:00,99.77883101637875
2012-10-28 22:00:00,78.55846739456273
2012-10-28 23:00:00,47.744514043568785
2012-10-29 00:00:00,28.335772859241104
2012-10-30 13:00:00,108.61037643644366
2012-10-30 14:00:00,101.78729214412297
2012-10-30 15:00:00,116.77262471217499
2012-10-30 16:00:00,177.09823723797098
2012-10-30 17:00:00,365.4645069946796
2012-10-30 18:00:00,323.93319271761385
2012-10-30 19:00:00,439.93412592722586
2012-10-30 20:00:00,226.122570817038
2012-10-30 21:00:00,181.18395670070245
2012-10-30 22:00:00,144.66296245588472
2012-10-30 23:00:00,82.9303155361193
2012-10-31 00:00:00,38.4777082337043
2012-10-31 01:00:00,17.212682784396605
2012-10-31 02:00:00,6.8108472065089085
2012-10-31 03:00:00,5.2374854427769595
2012-10-31 04:00:00,4.861662137684407
2012-10-31 05:00:00,31.925094168473443
2012-10-31 06:00:00,161.94648539380202
2012-10-31 07:00:00,403.57245362926824
2012-10-31 08:00:00,750.2939936228441
2012-10-31 09:00:00,338.1954213415314
2012-10-31 10:00:00,174.86007319736342
2012-10-31 11:00:00,210.89536836918177
2012-10-31 12:00:00,253.8604054621666
2012-10-31 13:00:00,281.21874870449255
2012-10-31 14:00:00,243.57245751244497
2012-10-31 15:00:00,273.6572734386256
2012-10-31 16:00:00,375.4466389898152
2012-10-31 17:00:00,659.5158309022373
2012-10-31 18:00:00,596.1274775408951
2012-10-31 19:00:00,417.0609454431391
2012-10-31 20:00:00,309.5003936450697
2012-10-31 21:00:00,229.6644087214702
2012-10-31 22:00:00,183.2654755301051
2012-10-31 23:00:00,106.76556078485102
2012-11-20 00:00:00,31.411953982306564
2012-11-20 01:00:00,14.23118135986598
2012-11-20 02:00:00,6.245395562207825
2012-11-20 03:00:00,4.3112787473332155
2012-11-20 04:00:00,6.84082035533033
2012-11-20 05:00:00,31.56763300811133
2012-11-20 06:00:00,153.06259761299927
2012-11-20 07:00:00,421.02728698741265
2012-11-20 08:00:00,746.5185683160671
2012-11-20 09:00:00,306.70507323078004
2012-11-20 10:00:00,167.50892592133795
2012-11-20 11:00:00,197.33725463792456
2012-11-20 12:00:00,236.59264040910625
2012-11-20 13:00:00,240.6618180992718
2012-11-20 14:00:00,230.91032657383812
2012-11-20 15:00:00,240.29567109075427
2012-11-20 16:00:00,347.84328708614566
2012-11-20 17:00:00,662.1590080626233
2012-11-20 18:00:00,553.5670235863275
2012-11-20 19:00:00,393.0639031681956
2012-11-20 20:00:00,270.0154187799901
2012-11-20 21:00:00,212.62289907300368
2012-11-20 22:00:00,153.97644601091815
2012-11-20 23:00:00,80.85826696799539
2012-11-21 00:00:00,39.83117594131342
2012-11-21 01:00:00,17.177213832092193
2012-11-21 02:00:00,4.811239872086634
2012-11-21 03:00:00,4.797694400692017
2012-11-21 04:00:00,5.134072872438759
2012-11-21 05:00:00,27.998345144286738
2012-11-21 06:00:00,153.08095598157388
2012-11-21 07:00:00,383.2485294073396
2012-11-21 08:00:00,738.4497469707034
2012-11-21 09:00:00,323.5810949388025
2012-11-21 10:00:00,177.95055995770707
2012-11-21 11:00:00,212.72311341364403
2012-11-21 12:00:00,273.7798655943138
2012-11-21 13:00:00,268.134520092973
2012-11-21 14:00:00,254.5123497320418
2012-11-21 15:00:00,266.6782834833338
2012-11-21 16:00:00,396.2467888181533
2012-11-21 17:00:00,672.3383364366922
2012-11-21 18:00:00,655.504550162941
2012-11-21 19:00:00,419.52374552217503
2012-11-21 20:00:00,297.3727899875316
2012-11-21 21:00:00,232.65046558099894
2012-11-21 22:00:00,168.71248802814878
2012-11-21 23:00:00,99.2952344846016
2012-11-22 00:00:00,87.56545155850776
2012-11-22 01:00:00,42.964820712441934
2012-11-22 02:00:00,26.413460147162887
2012-11-22 03:00:00,8.617194791654413
2012-11-22 04:00:00,8.47517076786301
2012-11-22 05:00:00,11.567854599390868
2012-11-22 06:00:00,42.149504455265586
2012-11-22 07:00:00,79.01818734505213
2012-11-22 08:00:00,196.61244899904884
2012-11-22 09:00:00,194.4937237082785
2012-11-22 10:00:00,251.41833051804792
2012-11-22 11:00:00,366.45877496941347
2012-11-22 12:00:00,505.3194307431658
2012-11-22 13:00:00,473.19433647120667
2012-11-22 14:00:00,613.486605617713
2012-11-22 15:00:00,636.6980623024873
2012-11-22 16:00:00,621.9682380919702
2012-11-22 17:00:00,569.1079563435784
2012-11-22 18:00:00,477.92747664932625
2012-11-22 19:00:00,373.2924869202749
2012-11-22 20:00:00,375.3548741949473
2012-11-22 21:00:00,214.07057828136354
2012-11-22 22:00:00,183.95116699198834
2012-11-22 23:00:00,145.16874022662063
2012-11-23 00:00:00,60.15155369848263
2012-11-23 01:00:00,28.241879910862128
2012-11-23 02:00:00,11.650603339990528
2012-11-23 03:00:00,6.028458335415658
2012-11-23 04:00:00,5.506753108201643
2012-11-23 05:00:00,28.892990656151476
2012-11-23 06:00:00,111.12531515415247
2012-11-23 07:00:00,345.4289649902766
2012-11-23 08:00:00,667.5364277344175
2012-11-23 09:00:00,350.68690973160017
2012-11-23 10:00:00,205.33707937208135
2012-11-23 11:00:00,257.7528423626322
2012-11-23 12:00:00,320.97503911417834
2012-11-23 13:00:00,309.64596362627367
2012-11-23 14:00:00,300.2471892044121
2012-11-23 15:00:00,318.4266102799256
2012-11-23 16:00:00,443.88339520294653
2012-11-23 17:00:00,726.1036372769325
2012-11-23 18:00:00,559.961642789362
2012-11-23 19:00:00,384.0065804132276
2012-11-23 20:00:00,296.46878553111827
2012-11-23 21:00:00,224.24894383970815
2012-11-23 22:00:00,188.61856979969198
2012-11-23 23:00:00,149.45420113619338
2012-11-24 00:00:00,116.15225493865142
2012-11-24 01:00:00,74.53644061102152
2012-11-24 02:00:00,51.16670457492873
2012-11-24 03:00:00,14.56146165244797
2012-11-24 04:00:00,8.316949797843739
2012-11-24 05:00:00,8.454719997339634
2012-11-24 06:00:00,20.590105356312456
2012-11-24 07:00:00,46.33331731489209
2012-11-24 08:00:00,115.47746534458057
2012-11-24 09:00:00,177.73884505126398
2012-11-24 10:00:00,248.53755726353606
2012-11-24 11:00:00,335.86023779733455
2012-11-24 12:00:00,357.4589986929034
2012-11-24 13:00:00,471.3277843654466
2012-11-24 14:00:00,424.46126779999474
2012-11-24 15:00:00,371.6194982696326
2012-11-24 16:00:00,352.21119652435834
2012-11-24 17:00:00,312.9354549360497
2012-11-24 18:00:00,252.85040198336108
2012-11-24 19:00:00,221.9777854849751
2012-11-24 20:00:00,164.9331886990328
2012-11-24 21:00:00,148.08443296518104
2012-11-24 22:00:00,119.80177077827953
2012-11-24 23:00:00,106.41585565288132
2012-11-25 00:00:00,101.43764438691322
2012-11-25 01:00:00,84.78134084585282
2012-11-25 02:00:00,60.45127839237641
2012-11-25 03:00:00,30.910650274316346
2012-11-25 04:00:00,10.306684459876772
2012-11-25 05:00:00,8.640005497135139
2012-11-25 06:00:00,17.9110522083813
2012-11-25 07:00:00,43.55303161089157
2012-11-25 08:00:00,96.21489657513051
2012-11-25 09:00:00,156.48145856290583
2012-11-25 10:00:00,229.20622134708287
2012-11-25 11:00:00,300.1367632274463
2012-11-25 12:00:00,338.7203843362549
2012-11-25 13:00:00,316.1246724991445
2012-11-25 14:00:00,349.82585893017205
2012-11-25 15:00:00,372.0071545804785
2012-11-25 16:00:00,351.03423573848113
2012-11-25 17:00:00,281.72740243379525
2012-11-25 18:00:00,225.41889659844426
2012-11-25 19:00:00,220.77936789847467
2012-11-25 20:00:00,148.15937901958034
2012-11-25 21:00:00,129.68042549994414
2012-11-25 22:00:00,97.6657659980425
2012-11-25 23:00:00,53.189166381303586
2012-11-26 00:00:00,28.499695307842817
2012-11-26 01:00:00,12.633260634621296
2012-11-26 02:00:00,6.530737633019301
2012-11-26 03:00:00,3.5251987795609416
2012-11-26 04:00:00,5.1653424218932145
2012-11-26 05:00:00,25.953963647765676
2012-11-26 06:00:00,163.81099998663754
2012-11-26 07:00:00,449.3526642169392
2012-11-26 08:00:00,802.8960699240267
2012-11-26 09:00:00,320.73521149470224
2012-11-26 10:00:00,175.61786116024845
2012-11-26 11:00:00,200.75803260700394
2012-11-26 12:00:00,262.89520368547915
2012-11-26 13:00:00,279.3803379455164
2012-11-26 14:00:00,257.0985220039329
2012-11-26 15:00:00,258.11974500242025
2012-11-26 16:00:00,393.509335001303
2012-11-26 17:00:00,718.8453579043269
2012-11-26 18:00:00,588.0817718311158
2012-11-26 19:00:00,374.45359862306145
2012-11-26 20:00:00,263.19019543877806
2012-11-26 21:00:00,194.25224556067135
2012-11-26 22:00:00,145.09515313011764
2012-11-26 23:00:00,75.19294800806408
2012-11-27 00:00:00,31.02408736675853
2012-11-27 01:00:00,13.41739418292894
2012-11-27 02:00:00,6.161368114822122
2012-11-27 03:00:00,3.0772100423698694
2012-11-27 04:00:00,4.977267849065876
2012-11-27 05:00:00,26.76649156892264
2012-11-27 06:00:00,151.26728387288279
2012-11-27 07:00:00,232.5916667972296
2012-11-27 08:00:00,400.90283059036614
2012-11-27 09:00:00,293.5006493343779
2012-11-27 10:00:00,90.07041713783715
2012-11-27 11:00:00,65.93744010732937
2012-11-27 12:00:00,76.88790098237656
2012-11-27 13:00:00,84.91188413249658
2012-11-27 14:00:00,73.05932473465982
2012-11-27 15:00:00,185.6781768351558
2012-11-27 16:00:00,272.3487564301333
2012-11-27 17:00:00,568.6693014274466
2012-11-27 18:00:00,393.7956325420989
2012-11-27 19:00:00,332.6123182824972
2012-11-27 20:00:00,228.1809724354011
2012-11-27 21:00:00,153.9819284257379
2012-11-27 22:00:00,123.4561630507458
2012-11-27 23:00:00,68.51722537697313
2012-11-28 00:00:00,33.98003091880064
2012-11-28 01:00:00,14.928441849323272
2012-11-28 02:00:00,11.944800978969543
2012-11-28 03:00:00,4.87391865789435
2012-11-28 04:00:00,5.302971494742293
2012-11-28 05:00:00,28.481712227833455
2012-11-28 06:00:00,149.5823918488257
2012-11-28 07:00:00,388.4676672995424
2012-11-28 08:00:00,674.8838763341668
2012-11-28 09:00:00,321.8109742759927
2012-11-28 10:00:00,183.1951566669501
2012-11-28 11:00:00,219.39666020113046
2012-11-28 12:00:00,235.02618106179483
2012-11-28 13:00:00,243.17701648154642
2012-11-28 14:00:00,218.09403751083443
2012-11-28 15:00:00,229.1879009818924
2012-11-28 16:00:00,357.61503211822696
2012-11-28 17:00:00,667.2476361558435
2012-11-28 18:00:00,561.1149656946841
2012-11-28 19:00:00,416.25268616894687
2012-11-28 20:00:00,293.9818523910763
2012-11-28 21:00:00,222.13627228762118
2012-11-28 22:00:00,153.25024460620392
2012-11-28 23:00:00,87.61541044593903
2012-11-29 00:00:00,40.069520935095085
2012-11-29 01:00:00,17.49689106833711
2012-11-29 02:00:00,8.474073891609644
2012-11-29 04:00:00,5.707249089024942
2012-11-29 05:00:00,31.86267534699433
2012-11-29 06:00:00,152.04785266403968
2012-11-29 07:00:00,408.2236664951032
2012-11-29 08:00:00,687.2107425836433
2012-11-29 09:00:00,306.66200229076287
2012-11-29 10:00:00,170.00257272923707
2012-11-29 11:00:00,211.67871815543262
2012-11-29 12:00:00,264.6682170061894
2012-11-29 13:00:00,264.61831355337205
2012-11-29 14:00:00,226.46477864818857
2012-11-29 15:00:00,228.21466354286724
2012-11-29 16:00:00,351.87675943317794
2012-11-29 17:00:00,658.3040256642781
2012-11-29 18:00:00,593.5347706344264
2012-11-29 19:00:00,376.5614320020817
2012-11-29 20:00:00,306.45156945785084
2012-11-29 21:00:00,198.1904704258194
2012-11-29 22:00:00,150.8811084818182
2012-11-29 23:00:00,109.97134076420902
2012-11-30 00:00:00,52.120295006580086
2012-11-30 01:00:00,25.737517583946442
2012-11-30 02:00:00,11.43070713847757
2012-11-30 03:00:00,5.285553488317773
2012-11-30 04:00:00,5.604413256641301
2012-11-30 05:00:00,28.710298832577955
2012-11-30 06:00:00,112.70534925096658
2012-11-30 07:00:00,344.93471056527414
2012-11-30 08:00:00,677.1430945429969
2012-11-30 09:00:00,347.23365780782564
2012-11-30 10:00:00,202.3116854729692
2012-11-30 11:00:00,240.53996838635712
2012-11-30 12:00:00,275.3201014157691
2012-11-30 13:00:00,280.9663036160556
2012-11-30 14:00:00,263.2151030746647
2012-11-30 15:00:00,296.33447443292533
2012-11-30 16:00:00,432.59324316353366
2012-11-30 17:00:00,667.5776353330198
2012-11-30 18:00:00,488.4373188566801
2012-11-30 19:00:00,350.81608976785975
2012-11-30 20:00:00,259.7903987866257
2012-11-30 21:00:00,194.71203020068768
2012-11-30 22:00:00,174.26249567736497
2012-11-30 23:00:00,138.26706315633572
2012-12-20 00:00:00,44.73279793055713
2012-12-20 01:00:00,19.850502878188706
2012-12-20 02:00:00,9.460225200137478
2012-12-20 03:00:00,5.422430194400056
2012-12-20 04:00:00,6.656919019828789
2012-12-20 05:00:00,34.17941736290504
2012-12-20 06:00:00,154.26048438010085
2012-12-20 07:00:00,394.7644125191033
2012-12-20 08:00:00,692.1928347525667
2012-12-20 09:00:00,302.5552245772287
2012-12-20 10:00:00,166.00501742680063
2012-12-20 11:00:00,200.20532049154156
2012-12-20 12:00:00,249.10545524433283
2012-12-20 13:00:00,252.47582857568602
2012-12-20 14:00:00,215.15129899446802
2012-12-20 15:00:00,226.11837479052966
2012-12-20 16:00:00,316.69645641998824
2012-12-20 17:00:00,609.4808708461632
2012-12-20 18:00:00,544.2364805582218
2012-12-20 19:00:00,301.8449892623806
2012-12-20 20:00:00,221.18831574806526
2012-12-20 21:00:00,172.5888031703462
2012-12-20 22:00:00,87.05976676371326
2012-12-20 23:00:00,76.20882535640413
2012-12-21 00:00:00,21.78543431312616
2012-12-21 01:00:00,10.0306705149123
2012-12-21 02:00:00,5.699156416249677
2012-12-21 03:00:00,1.567969915475791
2012-12-21 04:00:00,3.00371286744108
2012-12-21 05:00:00,17.266781960917346
2012-12-21 06:00:00,57.37142318543899
2012-12-21 07:00:00,205.92824325411993
2012-12-21 08:00:00,390.74025154583893
2012-12-21 09:00:00,206.48086432808148
2012-12-21 10:00:00,113.73175369152479
2012-12-21 11:00:00,127.32426063273934
2012-12-21 12:00:00,144.3514830995756
2012-12-21 13:00:00,141.9982572573409
2012-12-21 14:00:00,133.86429781395222
2012-12-21 15:00:00,141.78089643082302
2012-12-21 16:00:00,212.35781271512906
2012-12-21 17:00:00,328.6253416361099
2012-12-21 18:00:00,257.012096653021
2012-12-21 19:00:00,184.6365195560051
2012-12-21 20:00:00,136.2756421748987
2012-12-21 21:00:00,98.22889910877107
2012-12-21 22:00:00,84.61891239003656
2012-12-21 23:00:00,67.92139518758397
2012-12-22 00:00:00,49.79568226020948
2012-12-22 01:00:00,39.28705176722592
2012-12-22 02:00:00,27.635349883935802
2012-12-22 03:00:00,8.863392912278446
2012-12-22 04:00:00,4.9965226313690865
2012-12-22 05:00:00,4.5835875037529386
2012-12-22 06:00:00,10.888768682200025
2012-12-22 07:00:00,26.065246852077717
2012-12-22 08:00:00,64.68030748328232
2012-12-22 09:00:00,106.4474755559081
2012-12-22 10:00:00,151.71342668903256
2012-12-22 11:00:00,203.80613572336344
2012-12-22 12:00:00,214.84397904731603
2012-12-22 13:00:00,260.7111477067663
2012-12-22 14:00:00,247.50548084289744
2012-12-22 15:00:00,219.3550101297588
2012-12-22 16:00:00,210.0627964617886
2012-12-22 17:00:00,191.68734443404577
2012-12-22 18:00:00,146.42596654468386
2012-12-22 19:00:00,124.56245576673467
2012-12-22 20:00:00,105.21501111928698
2012-12-22 21:00:00,87.42184795973756
2012-12-22 22:00:00,69.71071149661739
2012-12-22 23:00:00,65.46117374225803
2012-12-23 00:00:00,56.66397852251777
2012-12-23 01:00:00,50.46067305447337
2012-12-23 02:00:00,35.7163435189066
2012-12-23 03:00:00,17.979233723196685
2012-12-23 04:00:00,5.559997312353531
2012-12-23 05:00:00,4.980158144803466
2012-12-23 06:00:00,6.73543223083619
2012-12-23 07:00:00,18.09903988092682
2012-12-23 08:00:00,37.090335606709715
2012-12-23 09:00:00,93.03146260926526
2012-12-23 10:00:00,126.69753579535218
2012-12-23 11:00:00,175.6229265212945
2012-12-23 12:00:00,235.9850875126281
2012-12-23 13:00:00,246.8664009763469
2012-12-23 14:00:00,221.74803889729932
2012-12-23 15:00:00,238.9718194574406
2012-12-23 16:00:00,232.73812337953814
2012-12-23 17:00:00,215.6823808466178
2012-12-23 18:00:00,160.487169794252
2012-12-23 19:00:00,134.27568902564786
2012-12-23 20:00:00,92.47388382859872
2012-12-23 21:00:00,67.31437373640152
2012-12-23 22:00:00,52.34906059873109
2012-12-23 23:00:00,33.598713160124994
2012-12-24 00:00:00,16.53114252976669
2012-12-24 01:00:00,6.862682435210233
2012-12-24 02:00:00,3.2684530940572927
2012-12-24 03:00:00,1.8552931540451425
2012-12-24 05:00:00,14.261571083677335
2012-12-24 06:00:00,68.98471487761951
2012-12-24 07:00:00,190.41822640540414
2012-12-24 08:00:00,335.761257639629
2012-12-24 09:00:00,168.2640816747602
2012-12-24 10:00:00,94.26141778537047
2012-12-24 11:00:00,106.32099492372424
2012-12-24 12:00:00,130.13011042437708
2012-12-24 13:00:00,86.47764556898174
2012-12-24 14:00:00,76.0576033586464
2012-12-24 15:00:00,61.277927376350114
2012-12-24 16:00:00,91.0083457576859
2012-12-24 17:00:00,161.33556884583288
2012-12-24 18:00:00,176.27077444266354
2012-12-24 19:00:00,151.64649284148922
2012-12-24 20:00:00,87.66956308140163
2012-12-24 21:00:00,62.66802531940314
2012-12-24 22:00:00,60.65208090461311
2012-12-24 23:00:00,27.858564570095908
2012-12-25 00:00:00,24.024861495891322
2012-12-25 01:00:00,14.801771350685804
2012-12-25 02:00:00,9.883057217757353
2012-12-25 04:00:00,6.161075919462558
2012-12-25 05:00:00,5.748056368176536
2012-12-25 06:00:00,19.278617126429353
2012-12-25 07:00:00,37.58826889327095
2012-12-25 08:00:00,117.06342048447173
2012-12-25 09:00:00,88.43705657355241
2012-12-25 10:00:00,149.20069423199945
2012-12-25 11:00:00,198.58317042259677
2012-12-25 12:00:00,223.4239724499981
2012-12-25 13:00:00,232.69067068308001
2012-12-25 14:00:00,214.86452999794082
2012-12-25 15:00:00,226.23535573079647
2012-12-25 16:00:00,221.32049267503052
2012-12-25 17:00:00,231.8617010197466
2012-12-25 18:00:00,181.79062683538763
2012-12-25 19:00:00,165.09072155364566
2012-12-25 20:00:00,155.53136230833107
2012-12-25 21:00:00,82.26603467112056
2012-12-25 22:00:00,74.3193725644425
2012-12-25 23:00:00,40.168022673758166
2012-12-26 00:00:00,20.47022077110588
2012-12-26 01:00:00,7.987138157857235
2012-12-26 02:00:00,2.998931204581664
2012-12-26 03:00:00,2.3398662012482263
2012-12-26 04:00:00,2.39837122588731
2012-12-26 05:00:00,14.843896008540648
2012-12-26 06:00:00,79.09717657386709
2012-12-26 07:00:00,82.30076719590924
2012-12-26 08:00:00,143.5534094180016
2012-12-26 09:00:00,73.33832729202834
2012-12-26 10:00:00,34.257154545599825
2012-12-26 11:00:00,46.24347660663512
2012-12-26 12:00:00,21.309600327671326
2012-12-26 13:00:00,21.39061720046692
2012-12-26 14:00:00,21.072370910211824
2012-12-26 15:00:00,21.27118377892663
2012-12-26 16:00:00,32.08104638292206
2012-12-26 17:00:00,57.67654214241848
2012-12-26 18:00:00,59.38565609816563
2012-12-26 19:00:00,50.602702058094934
2012-12-26 20:00:00,38.28110854815366
2012-12-26 21:00:00,83.159612050023
2012-12-26 22:00:00,17.02822199773474
2012-12-26 23:00:00,11.15852179647025
2012-12-27 00:00:00,11.276950365078408
2012-12-27 01:00:00,4.2305912283595335
2012-12-27 02:00:00,3.018966803051968
2012-12-27 03:00:00,2.153114292333086
2012-12-27 04:00:00,2.1857809310318626
2012-12-27 05:00:00,18.530378645035135
2012-12-27 06:00:00,76.40802443175845
2012-12-27 07:00:00,216.60619790253986
2012-12-27 08:00:00,378.0117429806058
2012-12-27 09:00:00,173.08893458488612
2012-12-27 10:00:00,91.33953150265812
2012-12-27 11:00:00,103.8020382018461
2012-12-27 12:00:00,135.89582775228436
2012-12-27 13:00:00,140.20195102921627
2012-12-27 14:00:00,110.46915298953121
2012-12-27 15:00:00,118.00085238957706
2012-12-27 16:00:00,170.79442578377166
2012-12-27 17:00:00,327.62174331535306
2012-12-27 18:00:00,293.12956755411363
2012-12-27 19:00:00,204.1767556495373
2012-12-27 20:00:00,160.8105825524009
2012-12-27 21:00:00,116.28441489730372
2012-12-27 22:00:00,82.4984684835076
2012-12-27 23:00:00,56.317362567395925
2012-12-28 00:00:00,30.55797301506168
2012-12-28 01:00:00,15.228233696747846
2012-12-28 02:00:00,6.314141646594667
2012-12-28 03:00:00,2.9268383413275902
2012-12-28 04:00:00,3.0102076847516273
2012-12-28 05:00:00,16.752735775760154
2012-12-28 06:00:00,62.97746686783585
2012-12-28 07:00:00,198.2952543329228
2012-12-28 08:00:00,386.07825875169664
2012-12-28 09:00:00,199.89179814078244
2012-12-28 10:00:00,113.9301874370213
2012-12-28 11:00:00,134.96484678819417
2012-12-28 12:00:00,167.61624645863023
2012-12-28 13:00:00,163.5042148230732
2012-12-28 14:00:00,152.51091987053906
2012-12-28 15:00:00,159.50584041891003
2012-12-28 16:00:00,248.533359300241
2012-12-28 17:00:00,364.52636825801994
2012-12-28 18:00:00,276.438358563158
2012-12-28 19:00:00,176.56421452764533
2012-12-28 20:00:00,132.1293604521887
2012-12-28 21:00:00,99.00608304835654
2012-12-28 22:00:00,86.6679402868219
2012-12-28 23:00:00,69.76780529045328
2012-12-29 00:00:00,50.89622925944515
2012-12-29 01:00:00,38.60967983017752
2012-12-29 02:00:00,27.322410099873437
2012-12-29 03:00:00,13.741641122045515
2012-12-29 04:00:00,4.453729625760532
2012-12-29 05:00:00,4.475315255583086
2012-12-29 06:00:00,11.30935982080913
2012-12-29 07:00:00,26.40926370530983
2012-12-29 08:00:00,66.74278663503567
2012-12-29 09:00:00,102.02049037474056
2012-12-29 10:00:00,79.98926662967925
2012-12-29 11:00:00,95.55546741507965
2012-12-29 12:00:00,114.04836092343915
2012-12-29 13:00:00,112.89860844102239
2012-12-29 14:00:00,172.35107067804626
2012-12-29 15:00:00,177.2290449630528
2012-12-29 16:00:00,205.0095037024303
2012-12-29 17:00:00,164.24617920517588
2012-12-29 18:00:00,148.70786430219644
2012-12-29 19:00:00,125.31022197015848
2012-12-29 20:00:00,101.74649888989023
2012-12-29 21:00:00,82.881898098011
2012-12-29 22:00:00,70.68162410169002
2012-12-29 23:00:00,64.38811553922451
2012-12-30 00:00:00,60.53156033938236
2012-12-30 01:00:00,46.17696146596719
2012-12-30 02:00:00,34.00657986462012
2012-12-30 03:00:00,16.60814934259655
2012-12-30 04:00:00,5.485697077524442
2012-12-30 05:00:00,4.4772691423704725
2012-12-30 06:00:00,6.076666508674012
2012-12-30 07:00:00,17.007853069675214
2012-12-30 08:00:00,38.18305232238335
2012-12-30 09:00:00,90.3626383163103
2012-12-30 10:00:00,125.12744804337349
2012-12-30 11:00:00,171.7589507022184
2012-12-30 12:00:00,187.0965474072524
2012-12-30 13:00:00,176.5648357215684
2012-12-30 14:00:00,173.98409324167366
2012-12-30 15:00:00,179.93141182501478
2012-12-30 16:00:00,175.354416211173
2012-12-30 17:00:00,154.50310885518664
2012-12-30 18:00:00,120.9420735655277
2012-12-30 19:00:00,129.3298520906108
2012-12-30 20:00:00,69.62729524472174
2012-12-30 21:00:00,65.500040302398
2012-12-30 22:00:00,50.23656682634101
2012-12-30 23:00:00,29.82264962554366
2012-12-31 00:00:00,16.761695040172306
2012-12-31 01:00:00,7.0177411954860744
2012-12-31 02:00:00,2.871636582265971
2012-12-31 03:00:00,1.8291706514755202
2012-12-31 04:00:00,2.166940088781434
2012-12-31 05:00:00,12.954802538923774
2012-12-31 06:00:00,60.51661550013683
2012-12-31 07:00:00,182.17285569695676
2012-12-31 08:00:00,296.10416939058445
2012-12-31 09:00:00,165.94104003112125
2012-12-31 10:00:00,86.82171938162813
2012-12-31 11:00:00,105.62788677863306
2012-12-31 12:00:00,117.56760255372126
2012-12-31 13:00:00,131.51474931125327
2012-12-31 14:00:00,119.55099813078579
2012-12-31 15:00:00,122.06673591713158
2012-12-31 16:00:00,186.6804202885325
2012-12-31 17:00:00,336.2099824547442
2012-12-31 18:00:00,293.4250851239915
2012-12-31 19:00:00,193.39527143977992
2012-12-31 20:00:00,138.6104061806407
2012-12-31 21:00:00,105.76702448393469
2012-12-31 22:00:00,77.47163657322685
2012-12-31 23:00:00,41.05205051447614
